Date,Gold (USD/oz),Silver (USD/oz),Crude Oil WTI (USD/bbl),Natural Gas (USD/MMBtu),Copper (USD/lb),Aluminum (USD/MT),Wheat (USD/bushel),Cotton (USD/lb)
01-01-2020,1517.83,17.56,57.85,,2.79,1823.07,5.59,0.67
02-01-2020,1515.14,17.18,57.7,,2.79,1804.76,,0.68
03-01-2020,1513.57,17.41,58.49,2.47,2.85,1790.43,,0.68
06-01-2020,1526.83,16.98,57.34,,2.87,1783.51,,0.68
07-01-2020,1524.95,16.99,56.18,,2.82,1777.67,,0.67
08-01-2020,1500,16.81,54.67,,2.77,1730.55,,0.66
09-01-2020,1506.45,17.56,54.49,,2.8,1753.84,,0.67
10-01-2020,1502.07,17.01,55.13,3.01,2.83,1816.16,,0.67
13-01-2020,1500,17.07,59.06,,2.8,1787.49,,0.66
14-01-2020,1502.54,16.97,60.81,,2.78,1819.57,,0.66
15-01-2020,1507.18,16.75,58.94,,2.8,1780.21,,0.64
16-01-2020,1528.83,16.85,56.73,,2.81,1778.67,,0.64
17-01-2020,1541.39,16.9,56.58,2.87,2.71,1759.93,,0.63
20-01-2020,1543.9,16.58,58.86,,2.69,1764.59,,0.63
21-01-2020,1530.74,16.71,59.85,,2.73,1776.98,,0.64
22-01-2020,1512.67,16.84,59.08,,2.67,1747.73,,0.63
23-01-2020,1517.6,17.24,60.59,,2.7,1744.36,,0.66
24-01-2020,1542.13,17.06,62.72,2.74,2.66,1761.51,,0.66
27-01-2020,1543.36,17.52,65.07,,2.66,1740.73,,0.65
28-01-2020,1541.86,17.47,63.37,,2.63,1769.36,,0.66
29-01-2020,1552.2,16.86,64.08,,2.57,1799.52,,0.67
30-01-2020,1525.81,17.03,62.07,,2.58,1788.82,,0.65
31-01-2020,1520.56,17.01,60.85,2.54,2.58,1822.47,,0.68
03-02-2020,1530.0,16.74,58.95,,2.63,1777.36,5.08,0.68
04-02-2020,1546.58,17.03,58.57,,2.67,1763.56,,0.67
05-02-2020,1542.58,16.89,56.52,,2.61,1776.24,,0.68
06-02-2020,1550.03,17.21,57.64,,2.62,1798.58,,0.69
07-02-2020,1555.12,17.19,57.63,2.63,2.66,1824.89,,0.72
10-02-2020,1570.26,17.43,56.41,,2.69,1848.65,,0.73
11-02-2020,1549.89,17.65,57.11,,2.77,1849.97,,0.72
12-02-2020,1560.96,17.8,59.35,,2.85,1866.97,,0.72
13-02-2020,1533.31,17.48,59.87,,2.82,1868.07,,0.72
14-02-2020,1500,17.78,59.02,2.51,2.84,1833.13,,0.73
17-02-2020,1500,17.79,58.61,,2.95,1855.17,,0.71
18-02-2020,1500,18.45,58.47,,3.0,1869.32,,0.72
19-02-2020,1516.31,18.62,57.47,,2.97,1866.64,,0.72
20-02-2020,1528.9,18.87,55.07,,2.91,1853.05,,0.7
21-02-2020,1507.15,18.62,54.56,2.42,2.84,1900.93,,0.68
24-02-2020,1523.01,18.49,56.3,,2.87,1878.42,,0.67
25-02-2020,1505.25,18.53,55.16,,2.87,1880.56,,0.68
26-02-2020,1504.15,18.15,52.57,,2.86,1863.85,,0.69
27-02-2020,1500,17.78,52.46,,2.83,1862.9,,0.69
28-02-2020,1502.51,17.75,53.94,2.38,2.8,1891.0,,0.7
02-03-2020,1517.8,17.73,51.68,,2.82,1901.48,5.6,0.69
03-03-2020,1529.93,17.8,51.93,,2.82,1894.27,,0.7
04-03-2020,1536.83,18.16,52.48,,2.84,1914.79,,0.71
05-03-2020,1549.33,18.04,53.2,,2.77,1938.51,,0.71
06-03-2020,1558.72,18.27,53.96,2.59,2.85,1937.21,,0.7
09-03-2020,1547.5,18.22,54.79,,2.9,1926.79,,0.69
10-03-2020,1534.69,18.17,52.68,,2.95,1909.09,,0.68
11-03-2020,1526.52,18.26,53.51,,2.86,1863.05,,0.68
12-03-2020,1536.16,17.59,55.39,,2.9,1901.37,,0.68
13-03-2020,1532.01,17.62,55.1,2.9,2.84,1884.31,,0.66
16-03-2020,1576.03,17.42,55.62,,2.86,1856.5,,0.67
17-03-2020,1561.08,17.14,54.24,,2.91,1836.48,,0.68
18-03-2020,1541.09,16.57,56.05,,2.96,1809.86,,0.66
19-03-2020,1555.84,16.45,55.2,,2.99,1836.53,,0.67
20-03-2020,1583.09,15.9,57.53,2.88,3.07,1834.84,,0.68
23-03-2020,1593.2,16.16,57.0,,3.08,1812.06,,0.68
24-03-2020,1609.74,16.1,57.99,,3.05,1793.53,,0.68
25-03-2020,1638.02,15.62,57.23,,3.02,1770.71,,0.69
26-03-2020,1636.67,15.44,59.99,,3.02,1797.14,,0.69
27-03-2020,1609.44,15.65,57.12,3.06,3.06,1764.43,,0.71
30-03-2020,1599.68,15.49,57.66,,3.01,1766.66,,0.71
31-03-2020,1618.56,15.42,54.75,,3.05,1778.29,,0.67
01-04-2020,1591.24,15.32,53.13,,3.05,1787.18,5.77,0.66
02-04-2020,1592.36,15.29,55.72,,3.03,1792.8,,0.67
03-04-2020,1597.68,15,57.01,3.13,2.99,1789.92,,0.67
06-04-2020,1592.12,15,54.23,,2.97,1736.44,,0.68
07-04-2020,1606.49,15,54.23,,2.98,1736.4,,0.7
08-04-2020,1618.21,15.82,53.41,,2.98,1725.58,,0.72
09-04-2020,1664.42,15.77,54.18,,3.01,1696.54,,0.71
10-04-2020,1677.35,15.64,56.76,3.2,2.94,1729.11,,0.72
13-04-2020,1665.63,15.93,57.71,,2.87,1757.95,,0.73
14-04-2020,1654.93,15.89,58.35,,2.83,1749.79,,0.72
15-04-2020,1638.99,15.97,59.11,,2.88,1758.29,,0.73
16-04-2020,1658.33,15.72,57.53,,2.87,1758.73,,0.75
17-04-2020,1647.58,16.17,58.55,2.98,2.88,1716.4,,0.76
20-04-2020,1646.69,16.0,59.93,,2.9,1707.17,,0.79
21-04-2020,1662.06,16.11,59.03,,2.93,1726.95,,0.82
22-04-2020,1648.19,16.45,58.1,,2.91,1724.81,,0.82
23-04-2020,1642.88,16.36,60.26,,2.85,1702.92,,0.82
24-04-2020,1607.46,16.37,60.59,2.87,2.83,1728.5,,0.83
27-04-2020,1587.19,16.55,58.9,,2.77,1736.71,,0.83
28-04-2020,1576.89,16.75,58.29,,2.77,1711.07,,0.84
29-04-2020,1585.25,16.43,57.64,,2.74,1698.79,,0.85
30-04-2020,1608.6,16.49,57.56,,2.75,1689.83,,0.82
01-05-2020,1608.73,16.22,57.47,3.04,2.76,1668.68,5.17,0.81
04-05-2020,1614.26,16.01,57.12,,2.74,1685.59,,0.8
05-05-2020,1618.01,15.83,59.57,,2.77,1674.09,,0.77
06-05-2020,1639.7,16.18,60.84,,2.89,1677.41,,0.78
07-05-2020,1657.87,16.66,63.15,,2.81,1717.11,,0.8
08-05-2020,1663.82,17.46,60.54,2.97,2.92,1702.58,,0.79
11-05-2020,1644.25,17.45,60.72,,2.88,1678.67,,0.8
12-05-2020,1662.67,17.19,62.54,,2.82,1679.03,,0.78
13-05-2020,1670.79,16.9,63.7,,2.78,1669.55,,0.77
14-05-2020,1696.08,17.4,62.64,,2.81,1662.64,,0.77
15-05-2020,1695.98,16.93,61.48,2.75,2.82,1643.38,,0.78
18-05-2020,1736.72,16.84,62.99,,2.79,1610.93,,0.8
19-05-2020,1729.78,16.68,62.67,,2.77,1603.03,,0.79
20-05-2020,1763.69,17.22,63.7,,2.74,1576.62,,0.8
21-05-2020,1766.66,16.91,63.96,,2.76,1554.52,,0.79
22-05-2020,1756.28,17.25,63.79,2.63,2.82,1613.3,,0.8
25-05-2020,1733.17,17.67,64.0,,2.81,1665.26,,0.78
26-05-2020,1730.55,17.62,62.69,,2.78,1717.86,,0.78
27-05-2020,1760.89,17.78,65.43,,2.76,1711.35,,0.77
28-05-2020,1778.76,17.3,66.35,,2.67,1687.42,,0.75
29-05-2020,1794.07,17.27,68.72,2.44,2.67,1699.97,,0.75
01-06-2020,1744.16,17.21,67.83,,2.68,1677.72,5.22,0.75
02-06-2020,1759.63,16.44,66.94,,2.67,1672.04,,0.74
03-06-2020,1771.94,16.56,66.42,,2.65,1652.22,,0.74
04-06-2020,1760.82,16.68,65.02,,2.7,1671.87,,0.74
05-06-2020,1748.13,16.18,66.14,2.3,2.71,1669.89,,0.76
08-06-2020,1748.61,15.78,67.34,,2.73,1677.26,,0.75
09-06-2020,1785.72,15.57,66.5,,2.75,1664.41,,0.73
10-06-2020,1763.78,15.43,65.98,,2.75,1660.46,,0.74
11-06-2020,1755.27,15.35,66.62,,2.81,1622.11,,0.76
12-06-2020,1784.73,15.09,65.39,2.28,2.75,1620.31,,0.75
15-06-2020,1775.73,15,64.74,,2.75,1614.05,,0.75
16-06-2020,1768.52,15.09,67.33,,2.66,1623.15,,0.74
17-06-2020,1771.12,15,66.09,,2.64,1613.58,,0.73
18-06-2020,1745.46,15,65.26,,2.72,1593.18,,0.74
19-06-2020,1750.6,15,69.49,2.23,2.67,1595.12,,0.74
22-06-2020,1725.89,15.13,65.91,,2.63,1626.02,,0.74
23-06-2020,1744.84,15.09,64.0,,2.63,1623.31,,0.74
24-06-2020,1745.43,15.33,66.95,,2.66,1661.69,,0.75
25-06-2020,1794.46,15.36,66.28,,2.69,1608.84,,0.75
26-06-2020,1801.06,15.62,67.13,2.01,2.67,1591.13,,0.75
29-06-2020,1831.37,15.98,70.8,,2.74,1585.89,,0.76
30-06-2020,1803.49,15.57,69.55,,2.74,1558.96,,0.74
01-07-2020,1801.39,15.83,68.54,,2.78,1504.75,5.12,0.73
02-07-2020,1808.93,16.35,69.27,,2.85,1505.99,,0.72
03-07-2020,1847.78,16.07,69.15,1.94,2.81,1500,,0.72
06-07-2020,1811.42,16.07,68.26,,2.75,1500,,0.72
07-07-2020,1833.64,15.97,68.05,,2.77,1500,,0.71
08-07-2020,1847.25,16.1,65.84,,2.78,1500,,0.71
09-07-2020,1882.12,16.26,66.62,,2.78,1500,,0.7
10-07-2020,1898.85,16.07,68.04,1.91,2.79,1512.43,,0.71
13-07-2020,1900.61,16.46,67.78,,2.79,1500,,0.71
14-07-2020,1889.31,16.21,67.41,,2.86,1522.63,,0.72
15-07-2020,1861.78,16.18,68.36,,2.73,1547.37,,0.73
16-07-2020,1866.72,16.48,67.46,,2.78,1516.16,,0.73
17-07-2020,1862.98,17.08,66.96,1.91,2.8,1500,,0.75
20-07-2020,1909.27,16.93,66.85,,2.79,1518.41,,0.73
21-07-2020,1895.89,17.17,69.37,,2.75,1500,,0.73
22-07-2020,1903.77,17.24,69.3,,2.8,1500,,0.73
23-07-2020,1868.82,16.76,69.12,,2.75,1503.38,,0.73
24-07-2020,1860.53,16.48,68.85,1.8,2.76,1523.39,,0.74
27-07-2020,1866.93,16.14,68.21,,2.81,1547.12,,0.73
28-07-2020,1886.05,15.99,66.59,,2.74,1544.56,,0.74
29-07-2020,1919.68,15.88,65.09,,2.75,1555.77,,0.76
30-07-2020,1919.24,15.89,66.52,,2.77,1562.78,,0.75
31-07-2020,1894.25,16.27,65.6,1.57,2.78,1596.53,,0.74
03-08-2020,1905.26,16.4,65.76,,2.77,1596.59,5.37,0.76
04-08-2020,1917.69,17.2,65.0,,2.79,1594.11,,0.76
05-08-2020,1929.62,17.13,62.89,,2.84,1590.35,,0.75
06-08-2020,1914.04,17.38,62.17,,2.82,1564.12,,0.74
07-08-2020,1940.84,17.52,64.39,1.67,2.91,1538.2,,0.75
10-08-2020,1943.47,18.01,63.74,,2.86,1500,,0.76
11-08-2020,1960.45,17.89,62.69,,2.84,1529.25,,0.73
12-08-2020,1991.25,18.17,62.03,,2.89,1569.05,,0.73
13-08-2020,2006.46,18.72,61.53,,2.88,1534.62,,0.72
14-08-2020,2013.97,18.48,61.89,1.88,2.84,1551.96,,0.74
17-08-2020,2067.3,18.46,61.27,,2.82,1560.4,,0.74
18-08-2020,2073.98,18.63,61.13,,2.89,1556.63,,0.76
19-08-2020,2067.24,18.49,60.4,,2.92,1569.56,,0.74
20-08-2020,2070.64,18.21,60.96,,2.88,1567.8,,0.74
21-08-2020,2100,18.83,61.44,1.7,2.8,1623.1,,0.71
24-08-2020,2100,18.75,61.78,,2.87,1642.69,,0.72
25-08-2020,2100,19.36,62.78,,2.88,1626.27,,0.74
26-08-2020,2100,19.18,62.64,,2.86,1603.8,,0.73
27-08-2020,2087.74,19.12,64.58,,2.82,1633.14,,0.72
28-08-2020,2045.54,19.4,65.35,1.74,2.74,1627.83,,0.75
31-08-2020,2053.52,19.34,67.84,,2.68,1623.58,,0.74
01-09-2020,2059.81,19.03,67.72,,2.7,1627.06,4.62,0.74
02-09-2020,2045.45,18.79,68.19,,2.68,1628.79,,0.76
03-09-2020,2067.56,18.89,67.05,,2.74,1653.79,,0.76
04-09-2020,2083.32,18.67,67.09,1.72,2.78,1633.93,,0.75
07-09-2020,2059.21,18.71,68.49,,2.76,1586.12,,0.78
08-09-2020,2072.68,17.97,67.88,,2.72,1575.0,,0.76
09-09-2020,2068.42,17.79,70.48,,2.78,1559.13,,0.77
10-09-2020,2032.55,17.74,70.54,,2.76,1546.58,,0.76
11-09-2020,2044.24,17.58,73.4,1.68,2.87,1513.79,,0.76
14-09-2020,2043.74,17.28,71.51,,2.88,1500,,0.76
15-09-2020,2026.16,17.01,71.04,,2.82,1500,,0.74
16-09-2020,2039.52,17.03,70.17,,2.73,1519.1,,0.74
17-09-2020,2052.12,17.5,71.98,,2.71,1500,,0.76
18-09-2020,2038.56,17.07,73.16,1.79,2.77,1500,,0.75
21-09-2020,2048.99,16.99,73.04,,2.76,1528.59,,0.77
22-09-2020,2074.72,17.3,72.23,,2.65,1522.16,,0.78
23-09-2020,2057.67,17.41,72.19,,2.63,1529.89,,0.79
24-09-2020,2067.72,17.38,73.53,,2.62,1550.35,,0.77
25-09-2020,2068.41,17.25,75.09,1.65,2.67,1562.3,,0.76
28-09-2020,2100,17.26,75.0,,2.69,1550.81,,0.76
29-09-2020,2054.21,17.23,74.18,,2.69,1530.25,,0.77
30-09-2020,2072.04,16.57,74.38,,2.7,1556.46,,0.77
01-10-2020,2065.06,16.36,74.64,,2.79,1560.58,4.72,0.75
02-10-2020,2063.2,15.81,75.13,1.66,2.84,1546.39,,0.76
05-10-2020,2100,16.18,74.29,,2.81,1539.63,,0.75
06-10-2020,2100,16.43,77.61,,2.84,1538.9,,0.77
07-10-2020,2100,16.2,76.42,,2.88,1504.04,,0.8
08-10-2020,2089.51,16.44,79.38,,2.99,1513.81,,0.82
09-10-2020,2098.95,17.19,82.21,1.51,3.0,1534.82,,0.81
12-10-2020,2087.25,17.0,84.2,,2.99,1522.09,,0.82
13-10-2020,2070.64,17.41,88.25,,3.0,1505.85,,0.8
14-10-2020,2072.82,17.53,89.5,,2.98,1500,,0.79
15-10-2020,2066.42,17.46,88.82,,2.99,1500,,0.83
16-10-2020,2072.07,17.12,87.68,1.5,2.96,1540.16,,0.8
19-10-2020,2020.99,16.96,86.24,,2.96,1557.59,,0.8
20-10-2020,2070.76,16.84,88.08,,2.89,1561.54,,0.8
21-10-2020,2067.24,16.16,84.9,,2.93,1549.44,,0.81
22-10-2020,2100,16.32,81.95,,2.97,1551.29,,0.8
23-10-2020,2075.4,16.23,85.16,1.5,2.9,1547.89,,0.81
26-10-2020,2083.32,16.37,87.37,,2.93,1524.95,,0.81
27-10-2020,2100,16.25,88.29,,2.9,1516.8,,0.8
28-10-2020,2078.82,17.16,90.37,,2.97,1525.83,,0.79
29-10-2020,2042.46,16.66,92.16,,3.01,1505.04,,0.79
30-10-2020,2029.72,16.38,91.75,1.53,3.06,1500,,0.77
02-11-2020,2041.88,16.6,88.46,,3.09,1500,4.27,0.78
03-11-2020,2059.55,17.32,91.36,,3.04,1500,,0.75
04-11-2020,2092.32,17.02,92.4,,2.95,1500,,0.77
05-11-2020,2086.5,17.6,89.3,,2.96,1523.68,,0.76
06-11-2020,2047.38,17.31,89.63,1.7,2.9,1547.45,,0.78
09-11-2020,2037.33,17.73,88.6,,2.91,1590.3,,0.8
10-11-2020,2068.5,17.76,88.37,,2.85,1581.2,,0.8
11-11-2020,2080.72,18.49,87.66,,2.88,1593.29,,0.82
12-11-2020,2033.03,19.1,88.9,,2.9,1619.2,,0.83
13-11-2020,2032.79,18.88,88.45,1.5,2.85,1630.98,,0.83
16-11-2020,2067.8,19.91,85.95,,2.81,1655.9,,0.86
17-11-2020,2100,19.52,87.43,,2.83,1659.67,,0.85
18-11-2020,2100,19.42,88.51,,2.87,1649.53,,0.87
19-11-2020,2100,20.06,85.43,,2.88,1659.95,,0.85
20-11-2020,2069.6,19.81,86.33,1.51,2.85,1670.94,,0.88
23-11-2020,2049.38,19.58,88.28,,2.86,1686.12,,0.87
24-11-2020,2051.15,19.64,87.96,,2.85,1710.55,,0.89
25-11-2020,2064.19,19.8,88.4,,2.82,1714.43,,0.89
26-11-2020,2079.23,19.95,86.74,,2.77,1709.99,,0.9
27-11-2020,2067.96,19.69,83.04,1.62,2.77,1736.74,,0.87
30-11-2020,2040.18,19.76,84.15,,2.73,1733.72,,0.87
01-12-2020,2021.83,20.0,83.98,,2.73,1715.66,4.4,0.88
02-12-2020,1994.55,20.55,84.91,,2.65,1737.28,,0.89
03-12-2020,2010.62,20.68,84.43,,2.68,1690.09,,0.88
04-12-2020,1956.18,20.23,83.9,1.56,2.66,1715.23,,0.9
07-12-2020,1948.96,20.24,84.25,,2.66,1734.54,,0.89
08-12-2020,1960.1,20.02,84.14,,2.73,1734.89,,0.88
09-12-2020,1996.82,20.51,86.0,,2.79,1761.2,,0.88
10-12-2020,1999.13,19.91,85.11,,2.82,1752.38,,0.88
11-12-2020,2023.9,20.11,82.11,1.61,2.78,1759.59,,0.87
14-12-2020,2014.84,19.74,82.42,,2.77,1727.39,,0.85
15-12-2020,1997.52,20.2,79.79,,2.79,1700.23,,0.86
16-12-2020,1982.02,20.49,74.91,,2.8,1710.44,,0.85
17-12-2020,2019.28,20.58,72.9,,2.8,1701.66,,0.85
18-12-2020,2044.13,20.77,72.12,1.55,2.84,1676.87,,0.87
21-12-2020,2056.74,20.65,70.71,,2.87,1697.56,,0.87
22-12-2020,2100,20.91,68.06,,2.92,1696.1,,0.87
23-12-2020,2099.82,20.9,67.69,,2.96,1681.8,,0.86
24-12-2020,2100,21.18,69.8,,2.93,1678.57,,0.85
25-12-2020,2100,21.21,71.27,1.62,2.92,1712.06,,0.83
28-12-2020,2095.04,20.29,71.3,,2.92,1736.59,,0.86
29-12-2020,2100,20.11,72.98,,2.93,1738.12,,0.86
30-12-2020,2100,20.67,72.19,,2.91,1753.07,,0.87
31-12-2020,2065.65,21.23,70.63,,2.91,1740.22,,0.87
01-01-2021,2056.38,21.27,71.85,1.5,2.9,1781.76,4.27,0.85
04-01-2021,2067.59,21.23,69.95,,2.88,1812.72,,0.86
05-01-2021,2087.74,21.11,70.55,,2.9,1804.64,,0.84
06-01-2021,2054.85,21.36,70.52,,2.94,1809.69,,0.85
07-01-2021,2000.58,21.59,69.89,,3.02,1831.88,,0.85
08-01-2021,1955.92,21.22,69.11,1.57,3.06,1855.37,,0.85
11-01-2021,1954.84,21.48,71.12,,3.05,1880.22,,0.86
12-01-2021,1953.0,21.97,68.36,,3.11,1897.42,,0.87
13-01-2021,1961.7,21.6,68.84,,3.04,1906.35,,0.88
14-01-2021,1944.25,21.53,68.36,,3.06,1867.64,,0.85
15-01-2021,1916.47,21.72,67.12,1.62,3.03,1903.88,,0.84
18-01-2021,1871.06,22.01,67.19,,3.01,1895.93,,0.84
19-01-2021,1879.03,21.85,67.74,,3.1,1902.35,,0.86
20-01-2021,1887.96,21.65,67.65,,3.08,1902.05,,0.86
21-01-2021,1911.17,21.48,68.08,,3.09,1928.63,,0.86
22-01-2021,1929.97,21.63,70.55,1.58,3.12,1918.43,,0.86
25-01-2021,1926.13,21.81,69.51,,3.12,1889.99,,0.86
26-01-2021,1958.16,21.81,70.25,,3.06,1926.77,,0.86
27-01-2021,1955.55,21.28,67.28,,3.08,1944.69,,0.84
28-01-2021,1940.68,20.88,68.06,,3.06,1984.52,,0.83
29-01-2021,1929.17,21.12,64.97,1.69,3.06,1983.76,,0.86
01-02-2021,1916.26,20.67,66.02,,3.06,1992.95,4.55,0.87
02-02-2021,1867.66,20.76,65.25,,3.08,2016.88,,0.86
03-02-2021,1871.73,20.63,65.54,,3.1,1990.73,,0.87
04-02-2021,1877.91,20.42,63.21,,3.03,1951.46,,0.86
05-02-2021,1870.33,20.43,63.26,1.63,3.04,1931.04,,0.85
08-02-2021,1854.93,21.06,64.59,,3.12,1915.45,,0.85
09-02-2021,1863.78,21.18,65.61,,3.03,1960.72,,0.84
10-02-2021,1903.15,21.07,65.59,,2.99,2027.7,,0.86
11-02-2021,1904.6,20.53,65.6,,2.96,2022.59,,0.86
12-02-2021,1893.6,20.72,67.51,1.63,2.88,2025.44,,0.84
15-02-2021,1880.77,21.16,68.78,,2.8,2017.45,,0.84
16-02-2021,1879.76,21.4,67.73,,2.76,2011.47,,0.84
17-02-2021,1852.0,21.86,66.77,,2.81,2020.85,,0.85
18-02-2021,1849.77,22.05,65.66,,2.79,2030.22,,0.86
19-02-2021,1851.69,21.55,65.61,1.57,2.75,2021.34,,0.85
22-02-2021,1893.7,21.54,63.75,,2.75,2018.84,,0.86
23-02-2021,1915.84,21.75,60.41,,2.77,2003.44,,0.88
24-02-2021,1940.34,22.04,60.09,,2.79,1984.86,,0.89
25-02-2021,1924.39,21.85,60.49,,2.79,1974.95,,0.9
26-02-2021,1940.5,21.83,60.78,1.55,2.9,1993.18,,0.89
01-03-2021,1914.73,21.98,62.47,,2.92,2006.22,5.14,0.91
02-03-2021,1922.48,22.5,60.49,,2.94,1992.97,,0.91
03-03-2021,1932.75,22.92,59.73,,2.91,2018.7,,0.93
04-03-2021,1915.63,23.19,57.63,,2.88,2020.68,,0.94
05-03-2021,1962.74,23.37,58.0,1.54,2.83,2046.38,,0.94
08-03-2021,1976.74,22.95,57.86,,2.77,2041.74,,0.92
09-03-2021,1932.69,22.5,57.18,,2.8,2090.53,,0.9
10-03-2021,1946.14,22.47,57.25,,2.81,2129.28,,0.9
11-03-2021,1937.23,22.9,56.25,,2.78,2149.91,,0.88
12-03-2021,1937.85,23.07,54.85,1.5,2.77,2191.03,,0.86
15-03-2021,1949.29,23.32,57.07,,2.81,2173.15,,0.82
16-03-2021,1959.04,22.7,58.25,,2.8,2223.31,,0.81
17-03-2021,1912.25,22.12,57.99,,2.8,2188.64,,0.81
18-03-2021,1886.42,22.57,55.81,,2.82,2191.35,,0.79
19-03-2021,1904.57,22.57,55.52,1.54,2.84,2174.38,,0.8
22-03-2021,1935.12,22.05,56.34,,2.81,2121.58,,0.78
23-03-2021,1980.41,22.41,56.59,,2.71,2086.54,,0.8
24-03-2021,2024.34,22.52,58.05,,2.63,2075.18,,0.82
25-03-2021,1975.61,23.75,59.87,,2.64,2088.79,,0.79
26-03-2021,1994.54,24.3,59.75,1.51,2.62,2079.17,,0.76
29-03-2021,1949.78,24.46,59.07,,2.61,2105.1,,0.76
30-03-2021,1988.5,24.4,58.35,,2.54,2096.57,,0.74
31-03-2021,1995.15,24.51,57.77,,2.51,2071.9,,0.73
01-04-2021,1968.61,24.47,59.1,,2.52,2109.26,4.93,0.73
02-04-2021,2017.27,23.85,58.49,1.52,2.52,2143.04,,0.71
05-04-2021,2033.53,24.26,56.09,,2.48,2136.63,,0.71
06-04-2021,1988.5,24.39,56.76,,2.44,2092.72,,0.71
07-04-2021,1996.11,23.22,56.63,,2.51,2063.68,,0.69
08-04-2021,1979.27,22.96,55.98,,2.5,2050.27,,0.71
09-04-2021,1982.51,22.63,53.31,1.54,2.5,2052.7,,0.72
12-04-2021,1972.06,23.04,54.91,,2.45,2085.34,,0.71
13-04-2021,2005.44,23.03,55.88,,2.42,2087.7,,0.72
14-04-2021,1972.07,23.66,54.33,,2.41,2096.03,,0.72
15-04-2021,1980.19,23.0,54.54,,2.37,2108.22,,0.69
16-04-2021,2024.38,22.56,53.1,1.56,2.37,2076.54,,0.69
19-04-2021,2004.99,23.01,51.33,,2.33,2107.56,,0.69
20-04-2021,2010.66,22.74,48.72,,2.31,2150.05,,0.69
21-04-2021,2016.15,22.32,49.69,,2.28,2165.18,,0.69
22-04-2021,2000.13,22.12,50.8,,2.22,2209.63,,0.69
23-04-2021,2016.35,21.82,50.42,1.69,2.17,2202.9,,0.69
26-04-2021,2019.3,22.04,50.35,,2.18,2203.56,,0.69
27-04-2021,1997.16,22.5,52.62,,2.14,2243.6,,0.71
28-04-2021,2040.45,21.87,51.65,,2.14,2239.08,,0.71
29-04-2021,2060.55,21.76,50.15,,2.13,2221.76,,0.72
30-04-2021,2057.03,21.78,50.32,1.8,2.15,2274.32,,0.71
03-05-2021,2041.99,21.81,51.03,,2.17,2270.21,5.15,0.7
04-05-2021,2023.47,22.15,50.66,,2.15,2247.08,,0.68
05-05-2021,2054.2,22.2,48.9,,2.11,2247.2,,0.69
06-05-2021,2051.2,21.98,47.98,,2.12,2185.9,,0.69
07-05-2021,2063.16,21.55,48.82,1.58,2.15,2216.25,,0.67
10-05-2021,2059.22,20.86,49.71,,2.14,2255.88,,0.66
11-05-2021,2075.13,20.73,47.68,,2.14,2220.14,,0.68
12-05-2021,2072.86,20.74,46.26,,2.13,2201.29,,0.68
13-05-2021,2092.58,21.09,45.14,,2.13,2255.56,,0.68
14-05-2021,2088.61,20.96,45.12,1.5,2.15,2284.53,,0.68
17-05-2021,2100,21.86,47.69,,2.13,2275.17,,0.67
18-05-2021,2100,21.84,47.36,,2.15,2270.69,,0.67
19-05-2021,2097.69,21.65,47.44,,2.17,2283.02,,0.68
20-05-2021,2076.78,21.81,46.51,,2.24,2326.04,,0.66
21-05-2021,2054.1,21.44,49.63,1.5,2.22,2350.06,,0.64
24-05-2021,2036.54,21.52,48.9,,2.26,2367.86,,0.65
25-05-2021,2013.22,20.75,48.29,,2.28,2362.06,,0.63
26-05-2021,2034.86,21.01,48.49,,2.24,2410.41,,0.64
27-05-2021,2034.33,21.04,46.92,,2.26,2429.21,,0.64
28-05-2021,2073.65,21.12,47.88,1.67,2.28,2395.25,,0.64
31-05-2021,2100,21.19,47.88,,2.26,2383.64,,0.65
01-06-2021,2100,20.71,46.89,,2.18,2440.64,4.87,0.65
02-06-2021,2061.97,20.39,46.21,,2.21,2384.14,,0.66
03-06-2021,2053.17,20.98,44.08,,2.16,2352.02,,0.65
04-06-2021,2051.93,21.17,43.48,1.58,2.16,2369.31,,0.65
07-06-2021,2016.21,20.95,41.09,,2.1,2365.55,,0.66
08-06-2021,2010.76,21.12,40.64,,2.12,2331.38,,0.66
09-06-2021,2018.3,21.28,40.14,,2.06,2228.02,,0.65
10-06-2021,2007.81,22.05,39.56,,2.05,2218.89,,0.66
11-06-2021,1989.97,22.5,39.0,1.68,2.03,2253.64,,0.67
14-06-2021,1972.53,22.67,38.19,,2.03,2224.96,,0.66
15-06-2021,2015.88,22.5,39.4,,2,2192.47,,0.67
16-06-2021,2012.63,23.24,40.85,,2.01,2215.1,,0.66
17-06-2021,1993.28,23.2,40.69,,2.03,2256.31,,0.64
18-06-2021,1984.98,22.85,41.87,1.65,2.02,2231.12,,0.65
21-06-2021,2008.44,22.36,41.56,,2.01,2221.5,,0.65
22-06-2021,1992.6,22.02,41.26,,2,2178.52,,0.64
23-06-2021,2004.76,21.88,40.42,,2.05,2178.91,,0.63
24-06-2021,2022.96,22.19,41.14,,2.04,2158.25,,0.63
25-06-2021,2041.83,22.57,41.79,1.62,2.06,2153.92,,0.63
28-06-2021,2077.04,23.05,40.47,,2.07,2086.85,,0.64
29-06-2021,2063.99,23.12,40.64,,2.07,2112.28,,0.65
30-06-2021,2092.86,23.48,40.13,,2.09,2062.62,,0.64
01-07-2021,2073.67,24.46,39.24,,2.07,2027.16,4.72,0.65
02-07-2021,2064.44,24.87,39.22,1.7,2.11,2021.22,,0.68
05-07-2021,2094.91,25.6,37.39,,2.16,1969.25,,0.68
06-07-2021,2100,24.92,37.0,,2.16,1928.73,,0.67
07-07-2021,2100,24.6,38.79,,2.16,1905.58,,0.67
08-07-2021,2070.81,24.28,39.23,,2.19,1860.94,,0.66
09-07-2021,2085.44,23.14,38.14,1.76,2.21,1844.3,,0.65
12-07-2021,2070.35,23.18,38.68,,2.19,1842.15,,0.65
13-07-2021,2048.13,23.78,38.77,,2.18,1883.77,,0.65
14-07-2021,2032.88,23.56,38.47,,2.19,1905.57,,0.64
15-07-2021,2039.51,23.65,37.92,,2.21,1845.98,,0.65
16-07-2021,1988.85,23.29,37.92,1.88,2.2,1841.27,,0.68
19-07-2021,1998.08,23.09,37.37,,2.22,1821.08,,0.69
20-07-2021,2002.85,23.22,37.22,,2.29,1832.26,,0.68
21-07-2021,1989.45,22.73,37.92,,2.31,1824.48,,0.68
22-07-2021,2014.97,23.22,38.71,,2.31,1833.18,,0.68
23-07-2021,2030.41,22.44,37.48,2.0,2.33,1849.11,,0.68
26-07-2021,2016.3,22.58,37.05,,2.31,1840.13,,0.68
27-07-2021,2000.75,22.39,38.58,,2.28,1801.34,,0.69
28-07-2021,2018.12,23.0,40.36,,2.25,1792.01,,0.67
29-07-2021,1982.33,23.33,40.74,,2.21,1806.93,,0.68
30-07-2021,1975.03,22.48,42.43,2.07,2.24,1820.7,,0.67
02-08-2021,1960.71,21.52,43.74,,2.22,1816.65,5.69,0.7
03-08-2021,1962.95,21.14,43.6,,2.16,1832.82,,0.69
04-08-2021,1968.52,20.96,41.49,,2.18,1830.87,,0.67
05-08-2021,1969.98,20.9,41.43,,2.19,1800.7,,0.68
06-08-2021,1997.59,20.91,40.13,2.26,2.2,1805.11,,0.66
09-08-2021,2003.66,21.17,40.28,,2.16,1825.18,,0.71
10-08-2021,1996.7,20.67,42.08,,2.12,1856.91,,0.72
11-08-2021,1968.49,20.01,42.35,,2.18,1843.2,,0.73
12-08-2021,1986.21,20.11,41.54,,2.16,1846.51,,0.72
13-08-2021,1999.44,19.99,40.35,2.26,2.18,1841.16,,0.73
16-08-2021,2035.16,19.96,38.43,,2.18,1809.5,,0.74
17-08-2021,2017.6,19.73,36.64,,2.14,1817.38,,0.74
18-08-2021,2018.84,19.68,38.17,,2.09,1795.78,,0.73
19-08-2021,2018.03,20.22,39.01,,2.11,1797.76,,0.72
20-08-2021,2016.51,19.64,38.89,2.1,2.1,1782.58,,0.73
23-08-2021,2017.37,19.22,38.75,,2.09,1769.25,,0.74
24-08-2021,1976.88,19.45,38.7,,2.12,1768.19,,0.73
25-08-2021,1997.14,20.01,38.7,,2.07,1770.4,,0.73
26-08-2021,2013.46,19.94,40.08,,2.07,1782.19,,0.74
27-08-2021,2041.58,19.5,40.48,2.08,2.11,1773.1,,0.76
30-08-2021,2098.07,18.81,38.53,,2.13,1766.96,,0.76
31-08-2021,2090.68,18.91,39.57,,2.13,1775.75,,0.75
01-09-2021,2090.4,18.49,37.72,,2.14,1766.42,6.12,0.76
02-09-2021,2091.27,19.24,37.34,,2.16,1767.26,,0.74
03-09-2021,2100,20.07,36.08,2.32,2.13,1754.44,,0.73
06-09-2021,2057.44,20.16,36.12,,2.09,1753.61,,0.72
07-09-2021,2070.09,20.34,35.01,,2.12,1772.83,,0.71
08-09-2021,2034.48,20.31,33.83,,2.12,1791.99,,0.72
09-09-2021,1973.02,20.73,32.97,,2.18,1811.49,,0.73
10-09-2021,1926.32,20.74,33.65,2.3,2.16,1840.64,,0.76
13-09-2021,1895.21,20.77,33.5,,2.19,1844.61,,0.78
14-09-2021,1920.26,21.29,34.07,,2.22,1868.92,,0.78
15-09-2021,1900.92,21.54,35.26,,2.23,1861.48,,0.78
16-09-2021,1896.31,22.39,35.47,,2.24,1886.39,,0.77
17-09-2021,1870.58,21.74,35.99,2.07,2.2,1905.38,,0.78
20-09-2021,1884.91,21.53,35.14,,2.19,1947.42,,0.77
21-09-2021,1860.71,21.19,35.07,,2.18,1969.03,,0.78
22-09-2021,1890.93,21.52,34.08,,2.18,1986.87,,0.8
23-09-2021,1869.09,21.34,34.57,,2.15,1995.45,,0.79
24-09-2021,1852.57,21.58,35.36,2.04,2.16,1982.84,,0.81
27-09-2021,1855.86,21.13,36.24,,2.21,1966.62,,0.82
28-09-2021,1856.96,21.1,36.22,,2.19,1988.83,,0.81
29-09-2021,1889.55,22.0,37.04,,2.2,1956.36,,0.8
30-09-2021,1892.85,22.67,36.92,,2.14,1996.95,,0.83
01-10-2021,1866.17,21.92,36.41,1.97,2.16,2002.71,6.2,0.81
04-10-2021,1854.22,22.07,36.88,,2.17,2019.18,,0.84
05-10-2021,1842.07,22.41,37.56,,2.14,2045.21,,0.87
06-10-2021,1858.73,22.22,39.7,,2.16,2052.3,,0.88
07-10-2021,1867.87,21.79,40.43,,2.16,2050.52,,0.88
08-10-2021,1865.75,22.06,39.34,1.81,2.22,1994.42,,0.88
11-10-2021,1885.89,22.1,38.4,,2.22,2004.07,,0.86
12-10-2021,1874.53,22.33,37.18,,2.24,2019.2,,0.88
13-10-2021,1872.03,22.27,37.26,,2.23,1981.46,,0.87
14-10-2021,1876.66,23.23,36.26,,2.2,1986.8,,0.87
15-10-2021,1911.96,22.86,37.52,1.76,2.29,1984.53,,0.9
18-10-2021,1910.28,22.67,37.25,,2.29,2011.95,,0.9
19-10-2021,1902.82,22.88,37.86,,2.3,1968.23,,0.95
20-10-2021,1879.66,23.19,38.02,,2.31,1954.46,,0.97
21-10-2021,1895.76,22.63,38.35,,2.26,1949.85,,0.99
22-10-2021,1883.01,23.17,37.38,2.04,2.21,1928.45,,1.0
25-10-2021,1891.36,22.58,37.35,,2.16,1933.52,,1.04
26-10-2021,1849.24,22.59,36.97,,2.2,1882.85,,1.04
27-10-2021,1873.1,22.47,36.88,,2.22,1828.53,,1.03
28-10-2021,1843.95,22.19,37.0,,2.21,1828.26,,1.02
29-10-2021,1827.38,22.66,37.64,2.23,2.16,1841.7,,1.0
01-11-2021,1851.29,21.73,37.22,,2.13,1822.35,6.05,0.99
02-11-2021,1822.43,21.45,38.0,,2.13,1831.48,,0.98
03-11-2021,1821.24,21.11,38.32,,2.09,1839.09,,1.0
04-11-2021,1823.41,21.45,39.93,,2.12,1853.3,,1.01
05-11-2021,1802.23,22.07,36.76,2.22,2.1,1855.52,,1.0
08-11-2021,1832.06,22.38,36.19,,2.09,1815.15,,0.99
09-11-2021,1865.87,22.96,37.35,,2.08,1815.51,,0.98
10-11-2021,1822.79,22.06,35.08,,2.02,1818.88,,0.96
11-11-2021,1791.9,22.14,36.41,,2.04,1855.09,,0.94
12-11-2021,1809.91,21.6,36.49,2.28,2.04,1819.68,,0.91
15-11-2021,1782.37,21.46,34.68,,2,1875.08,,0.92
16-11-2021,1774.61,21.56,35.32,,2,1873.4,,0.93
17-11-2021,1777.9,21.6,34.41,,2,1848.03,,0.92
18-11-2021,1793.26,22.15,33.64,,2,1841.61,,0.92
19-11-2021,1789.0,21.38,34.91,2.06,2.01,1868.96,,0.93
22-11-2021,1791.58,21.07,34.58,,2.05,1870.58,,0.94
23-11-2021,1775.49,20.52,33.76,,2.06,1852.74,,0.93
24-11-2021,1803.78,19.93,35.51,,2.02,1869.76,,0.94
25-11-2021,1793.63,20.3,36.35,,2,1894.09,,0.95
26-11-2021,1801.5,20.38,36.05,2.25,2,1894.6,,0.92
29-11-2021,1791.01,20.96,35.36,,2.01,1937.48,,0.94
30-11-2021,1793.83,21.42,35.18,,2,1991.81,,0.95
01-12-2021,1790.75,21.45,36.61,,2.01,1930.49,6.46,0.95
02-12-2021,1787.8,21.09,35.73,,2.03,1931.65,,0.96
03-12-2021,1766.72,21.47,34.61,2.2,2.06,1979.15,,0.99
06-12-2021,1784.22,21.21,35.74,,2.07,1992.42,,0.97
07-12-2021,1815.29,20.77,35.5,,2.06,2031.65,,1.01
08-12-2021,1821.15,20.35,35.59,,2.01,2047.21,,1.0
09-12-2021,1837.77,20.4,36.07,,2.08,2009.51,,0.98
10-12-2021,1856.9,20.87,35.73,2.31,2.15,1993.46,,0.95
13-12-2021,1878.26,20.9,33.63,,2.15,1993.62,,0.93
14-12-2021,1885.68,21.37,33.46,,2.16,2028.95,,0.93
15-12-2021,1891.05,21.41,34.52,,2.12,2027.71,,0.92
16-12-2021,1911.33,21.26,36.46,,2.11,2015.52,,0.9
17-12-2021,1913.49,22.33,36.36,2.37,2.11,2001.82,,0.91
20-12-2021,1891.82,23.08,36.34,,2.1,2007.14,,0.88
21-12-2021,1892.93,23.17,37.61,,2.15,2012.94,,0.86
22-12-2021,1851.07,22.83,38.18,,2.16,2074.35,,0.9
23-12-2021,1851.5,22.19,38.47,,2.14,2071.03,,0.9
24-12-2021,1861.26,22.36,36.62,2.49,2.13,2038.36,,0.9
27-12-2021,1889.64,22.26,36.25,,2.14,2055.22,,0.9
28-12-2021,1893.64,22.45,36.45,,2.09,2062.91,,0.91
29-12-2021,1915.43,22.59,35.1,,2.1,2068.02,,0.92
30-12-2021,1915.99,22.78,34.79,,2.1,2049.32,,0.92
31-12-2021,1893.17,23.26,36.32,2.38,2.13,2062.3,,0.92
03-01-2022,1861.93,23.4,36.09,,2.14,2049.74,9.03,0.93
04-01-2022,1840.94,23.1,34.83,,2.12,2035.83,,0.92
05-01-2022,1811.55,22.79,33.23,,2.1,2020.71,,0.91
06-01-2022,1825.93,23.04,33.23,,2.15,2047.0,,0.93
07-01-2022,1821.93,22.6,32.76,2.42,2.16,2009.59,,0.91
10-01-2022,1835.0,22.9,32.06,,2.18,2007.67,,0.92
11-01-2022,1837.16,23.21,32.25,,2.2,2001.16,,0.9
12-01-2022,1860.88,23.2,32.49,,2.2,2021.08,,0.87
13-01-2022,1885.28,22.88,32.63,,2.16,2016.83,,0.86
14-01-2022,1871.29,22.17,32.93,2.44,2.22,2041.31,,0.85
17-01-2022,1865.7,21.73,31.94,,2.22,2021.53,,0.86
18-01-2022,1854.37,21.11,31.44,,2.26,2033.33,,0.88
19-01-2022,1819.18,21.12,31.19,,2.26,2041.05,,0.87
20-01-2022,1834.54,20.96,31.15,,2.3,2043.72,,0.87
21-01-2022,1861.45,20.62,31.94,2.1,2.27,2086.14,,0.86
24-01-2022,1861.87,20.96,31.37,,2.22,2101.02,,0.89
25-01-2022,1851.44,21.01,30.77,,2.21,2108.76,,0.9
26-01-2022,1876.39,21.04,31.94,,2.2,2139.51,,0.9
27-01-2022,1824.88,21.26,32.08,,2.22,2150.73,,0.91
28-01-2022,1829.32,21.66,30.98,2.29,2.23,2144.16,,0.9
31-01-2022,1833.01,21.05,30.75,,2.18,2171.78,,0.91
01-02-2022,1821.05,21.33,29.82,,2.16,2236.19,7.98,0.89
02-02-2022,1852.27,20.65,28.99,,2.11,2220.48,,0.87
03-02-2022,1874.53,20.36,28.04,,2.09,2239.6,,0.86
04-02-2022,1869.23,20.74,27.5,2.32,2.09,2244.02,,0.85
07-02-2022,1867.84,21.01,28.95,,2.07,2247.23,,0.84
08-02-2022,1859.72,21.27,29.7,,2.11,2193.25,,0.84
09-02-2022,1848.89,21.35,30.75,,2.12,2175.63,,0.84
10-02-2022,1820.63,21.9,31.6,,2.09,2153.46,,0.82
11-02-2022,1851.59,21.31,31.5,2.34,2.13,2194.45,,0.84
14-02-2022,1875.13,21.2,31.83,,2.16,2163.19,,0.85
15-02-2022,1893.75,21.22,31.92,,2.17,2201.32,,0.84
16-02-2022,1869.6,22.02,31.08,,2.16,2174.79,,0.85
17-02-2022,1917.45,22.44,30.2,,2.22,2170.32,,0.86
18-02-2022,1964.15,22.87,30.89,2.38,2.25,2159.42,,0.88
21-02-2022,1969.18,22.57,29.97,,2.22,2144.29,,0.89
22-02-2022,1948.51,23.51,30.13,,2.22,2101.69,,0.88
23-02-2022,1928.93,23.71,30.63,,2.19,2140.47,,0.91
24-02-2022,1939.23,23.29,31.22,,2.22,2172.41,,0.91
25-02-2022,1918.67,24.31,31.51,2.1,2.19,2207.14,,0.93
28-02-2022,1918.46,23.7,30.59,,2.17,2235.5,,0.93
01-03-2022,1944.27,23.34,31.01,,2.15,2262.61,7.25,0.93
02-03-2022,1910.0,23.25,30.91,,2.17,2299.88,,0.95
03-03-2022,1957.12,22.85,30.17,,2.13,2277.6,,0.93
04-03-2022,1994.86,23.07,28.71,2.3,2.13,2295.03,,0.9
07-03-2022,1966.05,23.19,29.04,,2.07,2339.28,,0.92
08-03-2022,1933.56,23.25,27.94,,2.09,2350.48,,0.93
09-03-2022,1927.58,24.06,26.78,,2.01,2345.52,,0.93
10-03-2022,1904.44,23.37,27.98,,2.02,2319.38,,0.94
11-03-2022,1899.0,23.96,27.16,2.39,2.03,2311.88,,0.93
14-03-2022,1841.63,23.61,26.88,,2.01,2298.37,,0.96
15-03-2022,1837.13,24.25,26.94,,2.04,2211.27,,0.96
16-03-2022,1877.88,25.1,26.99,,2.08,2225.4,,0.95
17-03-2022,1853.44,26.17,26.32,,2.11,2270.42,,0.97
18-03-2022,1847.93,26.09,25.86,2.23,2.15,2289.48,,0.99
21-03-2022,1815.73,25.56,26.39,,2.16,2295.23,,1.02
22-03-2022,1830.24,25.72,26.21,,2.15,2274.15,,0.98
23-03-2022,1825.85,25.7,26.2,,2.16,2267.58,,0.98
24-03-2022,1869.43,24.91,24.83,,2.2,2309.8,,0.97
25-03-2022,1874.64,25.24,24.48,2.36,2.19,2269.55,,0.98
28-03-2022,1866.85,24.84,25.01,,2.12,2337.85,,1.0
29-03-2022,1879.78,25.5,24.57,,2.06,2293.1,,1.0
30-03-2022,1868.95,25.95,23.99,,2.12,2319.4,,0.99
31-03-2022,1839.71,25.83,24.23,,2.1,2299.77,,1.0
01-04-2022,1846.94,25.85,24.6,2.27,2.08,2286.86,8.15,1.01
04-04-2022,1843.62,25.75,24.81,,2.11,2224.2,,1.03
05-04-2022,1847.86,25.54,24.46,,2.14,2252.27,,1.01
06-04-2022,1856.76,27.02,24.93,,2.15,2265.35,,0.98
07-04-2022,1845.98,26.57,25.97,,2.16,2297.7,,0.98
08-04-2022,1855.9,26.61,26.75,2.41,2.09,2283.42,,0.97
11-04-2022,1895.57,27.1,25.73,,2.16,2323.99,,1.0
12-04-2022,1871.1,26.92,27.69,,2.15,2330.06,,0.99
13-04-2022,1911.09,26.62,26.79,,2.19,2325.3,,1.0
14-04-2022,1906.11,26.0,25.99,,2.19,2310.81,,0.99
15-04-2022,1889.22,26.57,26.19,2.56,2.18,2348.83,,1.03
18-04-2022,1945.64,26.92,26.14,,2.17,2360.45,,1.02
19-04-2022,1949.84,27.16,26.38,,2.16,2373.95,,1.01
20-04-2022,1982.77,26.44,27.26,,2.22,2329.21,,1.05
21-04-2022,2002.92,26.69,27.91,,2.17,2327.9,,1.09
22-04-2022,1963.52,26.84,27.3,2.48,2.19,2298.15,,1.08
25-04-2022,1966.96,26.68,27.35,,2.25,2274.64,,1.07
26-04-2022,1955.18,26.04,28.06,,2.23,2220.94,,1.07
27-04-2022,1924.53,26.02,28.81,,2.23,2238.54,,1.07
28-04-2022,1884.61,25.62,29.64,,2.2,2235.88,,1.07
29-04-2022,1887.49,25.66,30.26,2.12,2.25,2236.46,,1.07
02-05-2022,1901.48,25.7,30.81,,2.21,2208.45,7.67,1.1
03-05-2022,1910.99,25.55,30.42,,2.24,2214.24,,1.08
04-05-2022,1904.56,25.97,29.44,,2.17,2186.22,,1.12
05-05-2022,1886.96,25.95,29.76,,2.14,2184.22,,1.08
06-05-2022,1865.31,26.2,29.43,2.18,2.15,2202.68,,1.05
09-05-2022,1853.48,26.41,30.36,,2.12,2213.9,,1.07
10-05-2022,1831.19,26.9,29.71,,2.11,2231.44,,1.08
11-05-2022,1827.28,26.45,29.44,,2.07,2212.38,,1.1
12-05-2022,1827.33,26.29,29.13,,2.07,2157.66,,1.13
13-05-2022,1808.33,26.74,29.85,2.15,2.03,2165.92,,1.13
16-05-2022,1803.84,26.82,30.42,,2.0,2136.52,,1.1
17-05-2022,1787.99,27.38,30.44,,2.01,2128.07,,1.11
18-05-2022,1788.43,27.75,30.67,,2,2096.16,,1.11
19-05-2022,1799.89,27.54,31.94,,2.02,2090.26,,1.11
20-05-2022,1804.28,27.99,30.57,2.08,2,2108.86,,1.09
23-05-2022,1815.08,27.87,31.16,,2.05,2100.29,,1.08
24-05-2022,1779.98,28.36,32.02,,2.03,2067.54,,1.09
25-05-2022,1772.44,29.33,33.01,,2.01,2071.87,,1.09
26-05-2022,1778.87,29.92,33.68,,2.01,2079.54,,1.08
27-05-2022,1793.15,30,33.05,2.06,2.04,2080.52,,1.1
30-05-2022,1759.62,29.18,32.61,,2,2088.57,,1.1
31-05-2022,1763.51,28.9,33.16,,2,2122.89,,1.1
01-06-2022,1789.77,28.77,32.68,,2.04,2169.74,8.46,1.1
02-06-2022,1786.47,28.58,32.53,,2.01,2190.37,,1.09
03-06-2022,1784.98,28.78,31.33,2.23,2,2180.85,,1.05
06-06-2022,1795.19,28.6,30.42,,2,2191.57,,1.06
07-06-2022,1801.06,29.18,30.69,,2,2152.82,,1.08
08-06-2022,1816.25,29.71,30.37,,2,2153.58,,1.06
09-06-2022,1818.37,29.94,29.81,,2.01,2206.79,,1.04
10-06-2022,1822.25,29.41,29.67,2.62,2,2205.75,,1.04
13-06-2022,1805.76,29.71,29.9,,2,2205.86,,1.05
14-06-2022,1802.61,30,29.71,,2,2183.94,,1.04
15-06-2022,1830.47,30,29.85,,2,2216.29,,1.05
16-06-2022,1826.54,30,29.92,,2,2208.57,,1.04
17-06-2022,1823.4,30,29.74,2.53,2,2217.8,,1.02
20-06-2022,1813.22,29.71,29.74,,2,2208.22,,1.01
21-06-2022,1830.98,29.53,29.09,,2.04,2174.09,,1.0
22-06-2022,1812.84,29.89,28.73,,2.05,2169.48,,1.02
23-06-2022,1833.3,30,27.45,,2.06,2141.64,,1.04
24-06-2022,1813.35,30,26.66,2.69,2.1,2123.29,,1.04
27-06-2022,1791.01,29.86,25.89,,2.11,2108.01,,1.04
28-06-2022,1795.98,29.17,25.64,,2.1,2156.16,,1.08
29-06-2022,1799.33,28.53,26.38,,2.12,2174.83,,1.08
30-06-2022,1806.31,28.32,26.38,,2.11,2184.19,,1.07
01-07-2022,1830.04,28.74,26.48,2.78,2.17,2166.84,7.81,1.08
04-07-2022,1821.55,29.16,25.87,,2.18,2184.49,,1.1
05-07-2022,1831.81,28.23,26.06,,2.18,2181.09,,1.1
06-07-2022,1812.46,28.51,27.2,,2.23,2216.46,,1.11
07-07-2022,1840.61,28.47,27.14,,2.26,2210.56,,1.1
08-07-2022,1855.18,27.95,26.59,2.58,2.24,2261.0,,1.08
11-07-2022,1867.73,29.08,25.84,,2.25,2254.68,,1.08
12-07-2022,1872.5,29.23,26.01,,2.21,2257.78,,1.1
13-07-2022,1855.49,29.68,25.41,,2.2,2244.6,,1.08
14-07-2022,1848.77,30,25.87,,2.21,2244.29,,1.09
15-07-2022,1860.5,29.7,25.23,2.59,2.21,2216.3,,1.06
18-07-2022,1860.62,29.49,24.21,,2.21,2183.91,,1.06
19-07-2022,1863.95,30,24.51,,2.18,2137.65,,1.07
20-07-2022,1834.33,29.31,23.74,,2.19,2114.83,,1.1
21-07-2022,1838.87,29.36,24.1,,2.21,2089.42,,1.1
22-07-2022,1824.21,29.39,24.74,2.26,2.19,2097.67,,1.08
25-07-2022,1801.19,29.92,24.38,,2.19,2080.58,,1.07
26-07-2022,1798.39,30,24.51,,2.2,2076.79,,1.09
27-07-2022,1759.3,29.52,25.39,,2.22,2112.91,,1.07
28-07-2022,1774.64,30,25.1,,2.23,2129.7,,1.1
29-07-2022,1793.42,30,26.13,2.34,2.25,2087.27,,1.05
01-08-2022,1792.8,29.45,25.92,,2.27,2098.73,7.9,1.03
02-08-2022,1772.08,29.09,25.32,,2.3,2115.65,,1.04
03-08-2022,1752.62,28.83,25.39,,2.31,2112.16,,1.05
04-08-2022,1749.97,28.25,25.54,,2.3,2086.69,,1.04
05-08-2022,1700.31,28.8,26.28,2.25,2.31,2096.97,,1.04
08-08-2022,1704.51,28.64,26.87,,2.28,2090.42,,1.03
09-08-2022,1718.67,28.51,27.13,,2.27,2098.11,,1.03
10-08-2022,1712.77,27.99,27.58,,2.28,2114.45,,1.05
11-08-2022,1703.14,27.8,27.71,,2.28,2126.44,,1.02
12-08-2022,1707.38,28.56,28.27,2.18,2.26,2113.29,,1.04
15-08-2022,1715.09,28.96,27.91,,2.28,2069.82,,1.04
16-08-2022,1738.28,28.13,27.17,,2.25,2072.83,,1.04
17-08-2022,1739.19,27.65,27.32,,2.27,2069.91,,1.07
18-08-2022,1725.37,27.97,29.23,,2.22,2065.89,,1.09
19-08-2022,1716.36,27.73,29.83,2.0,2.27,2075.07,,1.09
22-08-2022,1720.63,27.46,29.32,,2.29,2089.95,,1.12
23-08-2022,1753.59,27.05,30.36,,2.3,2061.3,,1.09
24-08-2022,1747.38,26.42,28.99,,2.3,2084.46,,1.08
25-08-2022,1725.97,26.47,28.81,,2.26,2094.4,,1.1
26-08-2022,1708.56,26.3,29.1,2.14,2.2,2099.28,,1.13
29-08-2022,1666.61,26.85,28.62,,2.21,2101.48,,1.12
30-08-2022,1673.72,26.83,28.21,,2.19,2162.58,,1.09
31-08-2022,1647.1,26.37,28.09,,2.2,2175.75,,1.1
01-09-2022,1623.38,26.71,27.72,,2.24,2173.78,7.05,1.09
02-09-2022,1585.82,27.38,27.19,2.11,2.25,2129.79,,1.05
05-09-2022,1565.15,27.02,26.47,,2.22,2122.76,,1.04
06-09-2022,1576.34,26.22,25.46,,2.24,2136.6,,1.02
07-09-2022,1552.19,26.0,24.86,,2.22,2102.02,,1.04
08-09-2022,1520.4,25.38,24.8,,2.24,2098.42,,1.01
09-09-2022,1524.11,26.15,25.44,2.18,2.26,2102.72,,0.99
12-09-2022,1518.34,25.51,25.02,,2.24,2124.73,,1.02
13-09-2022,1526.69,25.37,24.28,,2.29,2083.97,,1.01
14-09-2022,1540.78,26.06,25.28,,2.28,2079.4,,1.03
15-09-2022,1541.09,26.48,24.57,,2.28,2073.46,,1.06
16-09-2022,1517.73,26.25,24.64,2.42,2.33,2073.99,,1.04
19-09-2022,1515.93,25.89,24.07,,2.33,2085.7,,1.06
20-09-2022,1525.52,25.81,23.65,,2.3,2110.06,,1.08
21-09-2022,1515.34,25.71,23.88,,2.29,2140.8,,1.07
22-09-2022,1500,26.42,24.16,,2.3,2214.7,,1.04
23-09-2022,1520.43,26.35,24.95,2.25,2.29,2221.51,,1.06
26-09-2022,1513.33,25.73,25.37,,2.27,2235.21,,1.04
27-09-2022,1506.37,26.19,25.48,,2.3,2232.03,,1.07
28-09-2022,1507.11,26.69,25.88,,2.3,2230.18,,1.09
29-09-2022,1526.32,26.59,25.23,,2.36,2204.53,,1.07
30-09-2022,1531.62,26.97,26.01,2.05,2.35,2199.88,,1.02
03-10-2022,1525.96,27.01,26.36,,2.32,2181.85,8.16,1.02
04-10-2022,1538.97,26.43,26.69,,2.31,2146.36,,1.03
05-10-2022,1579.6,26.4,27.1,,2.34,2151.2,,1.0
06-10-2022,1606.61,25.87,26.12,,2.32,2136.01,,1.01
07-10-2022,1620.12,25.59,25.4,1.97,2.36,2142.12,,0.98
10-10-2022,1598.93,25.17,25.49,,2.36,2134.64,,1.0
11-10-2022,1673.07,25.33,25.58,,2.38,2149.11,,1.01
12-10-2022,1649.67,25.42,25.96,,2.35,2190.2,,1.05
13-10-2022,1642.82,24.83,26.03,,2.35,2205.72,,1.06
14-10-2022,1629.57,24.43,25.92,2.02,2.35,2195.95,,1.1
17-10-2022,1662.19,24.43,26.75,,2.39,2185.91,,1.12
18-10-2022,1671.1,24.65,26.99,,2.38,2192.36,,1.13
19-10-2022,1643.22,24.69,27.51,,2.32,2181.0,,1.1
20-10-2022,1649.0,23.73,28.35,,2.28,2171.63,,1.11
21-10-2022,1660.35,24.3,29.26,1.98,2.26,2204.66,,1.1
24-10-2022,1654.51,25.09,29.5,,2.28,2213.31,,1.11
25-10-2022,1630.95,25.82,30.05,,2.25,2200.17,,1.09
26-10-2022,1617.31,26.09,30.26,,2.22,2205.99,,1.11
27-10-2022,1609.34,26.41,31.08,,2.21,2203.12,,1.1
28-10-2022,1610.26,26.11,32.91,1.98,2.21,2189.1,,1.1
31-10-2022,1600.73,26.21,32.07,,2.21,2196.65,,1.1
01-11-2022,1615.39,25.69,31.48,,2.17,2185.67,8.32,1.04
02-11-2022,1597.56,25.75,32.76,,2.16,2169.32,,1.06
03-11-2022,1565.18,25.1,32.92,,2.19,2190.0,,1.06
04-11-2022,1551.82,25.38,32.57,1.83,2.2,2171.18,,1.09
07-11-2022,1577.62,25.22,32.02,,2.21,2211.19,,1.1
08-11-2022,1567.28,25.58,32.78,,2.19,2176.35,,1.13
09-11-2022,1612.41,25.67,33.25,,2.18,2189.95,,1.12
10-11-2022,1622.43,25.47,34.97,,2.14,2201.69,,1.11
11-11-2022,1600.4,25.87,34.9,1.87,2.16,2212.36,,1.1
14-11-2022,1584.93,25.33,35.7,,2.19,2221.32,,1.11
15-11-2022,1590.05,25.22,37.22,,2.18,2248.04,,1.12
16-11-2022,1568.2,24.99,35.91,,2.17,2240.98,,1.09
17-11-2022,1614.02,25.33,34.99,,2.14,2230.52,,1.1
18-11-2022,1595.42,25.3,35.23,1.86,2.14,2221.32,,1.08
21-11-2022,1608.99,25.43,34.74,,2.19,2280.02,,1.06
22-11-2022,1637.92,25.68,34.38,,2.17,2249.82,,1.04
23-11-2022,1636.27,24.63,33.82,,2.18,2282.06,,1.05
24-11-2022,1617.32,24.23,33.71,,2.21,2258.0,,1.04
25-11-2022,1612.51,24.29,32.96,1.88,2.21,2274.27,,1.04
28-11-2022,1620.02,24.74,31.93,,2.16,2307.68,,1.03
29-11-2022,1637.62,25.0,32.24,,2.17,2271.75,,1.03
30-11-2022,1639.23,25.61,32.35,,2.23,2246.25,,1.0
01-12-2022,1612.4,25.52,33.16,,2.23,2272.26,8.28,1.0
02-12-2022,1613.7,25.57,33.6,1.88,2.23,2308.49,,1.02
05-12-2022,1601.2,25.35,33.97,,2.23,2291.39,,1.02
06-12-2022,1560.26,25.16,34.62,,2.16,2344.55,,1.04
07-12-2022,1547.72,24.79,33.84,,2.17,2336.75,,1.04
08-12-2022,1521.8,24.56,33.43,,2.15,2348.85,,1.07
09-12-2022,1533.01,24.48,33.67,2.08,2.13,2388.53,,1.05
12-12-2022,1569.67,24.2,34.47,,2.17,2366.14,,1.07
13-12-2022,1605.56,24.22,35.04,,2.14,2418.39,,1.1
14-12-2022,1595.03,23.45,34.86,,2.14,2395.5,,1.08
15-12-2022,1586.58,23.64,34.71,,2.1,2393.0,,1.1
16-12-2022,1600.23,23.72,34.93,1.93,2.11,2381.47,,1.09
19-12-2022,1621.23,23.92,33.94,,2.07,2455.05,,1.11
20-12-2022,1613.59,23.73,34.68,,2.08,2456.56,,1.13
21-12-2022,1611.31,23.52,35.36,,2.08,2484.95,,1.16
22-12-2022,1655.05,23.94,36.2,,2.1,2523.68,,1.14
23-12-2022,1653.41,23.89,37.11,1.78,2.06,2510.27,,1.11
26-12-2022,1644.3,24.76,38.06,,2.05,2540.32,,1.1
27-12-2022,1647.17,24.15,36.32,,2.02,2530.47,,1.08
28-12-2022,1659.16,24.05,36.53,,2.05,2474.8,,1.07
29-12-2022,1639.44,23.57,35.25,,2,2463.42,,1.07
30-12-2022,1635.05,23.25,34.43,1.91,2,2465.53,,1.06
02-01-2023,1612.81,22.93,34.32,,2.02,2395.37,8.47,1.08
03-01-2023,1607.91,22.74,35.36,,2.02,2359.06,,1.1
04-01-2023,1645.03,23.07,35.66,,2,2357.16,,1.11
05-01-2023,1660.24,22.6,35.88,,2.03,2370.8,,1.1
06-01-2023,1658.89,22.86,37.52,1.97,2.04,2390.88,,1.09
09-01-2023,1640.91,22.28,37.75,,2.07,2390.71,,1.13
10-01-2023,1635.28,22.13,36.88,,2.05,2370.82,,1.11
11-01-2023,1656.53,22.66,35.62,,2.06,2389.24,,1.1
12-01-2023,1645.89,22.86,34.86,,2.06,2347.69,,1.11
13-01-2023,1675.29,22.98,34.96,2.03,2.05,2369.87,,1.11
16-01-2023,1648.4,23.25,33.65,,2.12,2323.88,,1.14
17-01-2023,1643.17,23.5,34.03,,2.11,2352.14,,1.13
18-01-2023,1678.4,23.77,34.3,,2.12,2325.2,,1.15
19-01-2023,1638.93,24.39,33.69,,2.1,2373.26,,1.13
20-01-2023,1662.97,23.94,33.79,2.13,2.09,2360.61,,1.13
23-01-2023,1626.92,23.92,34.23,,2.08,2342.17,,1.12
24-01-2023,1625.65,24.2,33.7,,2.06,2311.7,,1.15
25-01-2023,1622.77,24.54,34.33,,2.03,2329.47,,1.15
26-01-2023,1639.4,24.8,33.73,,2.03,2293.71,,1.17
27-01-2023,1578.97,25.39,34.24,1.99,2.02,2286.43,,1.18
30-01-2023,1543.51,25.17,35.51,,2.09,2299.63,,1.17
31-01-2023,1533.52,24.58,35.81,,2.08,2273.7,,1.16
01-02-2023,1534.66,25.15,34.69,,2.06,2247.28,8.15,1.12
02-02-2023,1518.76,25.16,34.78,,2.08,2232.88,,1.12
03-02-2023,1515.19,24.92,34.85,1.85,2.14,2194.26,,1.13
06-02-2023,1500,24.94,34.12,,2.09,2174.18,,1.13
07-02-2023,1500,24.76,33.07,,2.12,2174.14,,1.14
08-02-2023,1500,25.22,32.76,,2.09,2130.96,,1.17
09-02-2023,1504.85,25.63,33.49,,2.08,2131.58,,1.17
10-02-2023,1515.84,25.78,34.18,1.93,2.03,2134.1,,1.17
13-02-2023,1542.59,26.04,35.23,,2.02,2139.69,,1.17
14-02-2023,1530.95,26.07,35.2,,2,2139.92,,1.18
15-02-2023,1525.58,26.56,36.98,,2,2076.03,,1.15
16-02-2023,1526.91,25.46,36.21,,2,2052.25,,1.12
17-02-2023,1521.97,24.94,36.62,1.99,2,2060.9,,1.1
20-02-2023,1521.48,24.93,36.41,,2.01,2056.84,,1.11
21-02-2023,1500,24.75,37.8,,2.02,2027.09,,1.1
22-02-2023,1507.16,24.34,37.84,,2.01,2069.49,,1.09
23-02-2023,1500,24.62,36.88,,2.05,2103.49,,1.1
24-02-2023,1500,24.2,37.11,2.0,2.06,2066.69,,1.08
27-02-2023,1500,24.3,36.09,,2.1,2062.95,,1.05
28-02-2023,1521.5,24.36,35.32,,2.1,2077.79,,1.03
01-03-2023,1519.39,24.4,36.16,,2.08,2122.3,7.5,1.06
02-03-2023,1540.96,24.04,36.14,,2.04,2064.8,,1.05
03-03-2023,1546.46,23.96,36.93,1.97,2,2082.37,,1.04
06-03-2023,1515.63,24.51,36.14,,2,2072.32,,0.99
07-03-2023,1500,24.76,37.34,,2,2077.03,,0.99
08-03-2023,1514.16,25.2,37.18,,2,2069.38,,0.98
09-03-2023,1500.76,25.17,35.42,,2.04,2114.88,,0.96
10-03-2023,1500,24.42,34.64,2.11,2,2169.56,,0.98
13-03-2023,1500,24.22,33.46,,2.02,2162.17,,1.0
14-03-2023,1500,24.16,32.26,,2,2136.53,,0.99
15-03-2023,1500,24.74,32.68,,2,2209.07,,0.96
16-03-2023,1500,25.26,32.99,,2.07,2221.8,,1.0
17-03-2023,1500,25.46,33.49,2.13,2.09,2191.37,,1.02
20-03-2023,1500,25.08,32.88,,2.0,2224.01,,1.05
21-03-2023,1509.53,25.14,33.33,,2.04,2218.56,,1.07
22-03-2023,1500,25.03,32.13,,2.04,2209.39,,1.07
23-03-2023,1524.12,24.93,31.75,,2.08,2240.37,,1.06
24-03-2023,1503.68,24.39,31.63,2.05,2.05,2191.14,,1.05
27-03-2023,1500,24.6,31.19,,2.06,2218.42,,1.09
28-03-2023,1521.99,24.6,31.28,,2.07,2224.06,,1.08
29-03-2023,1500,24.96,31.27,,2.0,2234.71,,1.06
30-03-2023,1500,24.32,31.64,,2.01,2240.71,,1.06
31-03-2023,1511.24,23.84,31.89,2.15,2.03,2193.23,,1.05
03-04-2023,1505.73,25.47,32.67,,2.0,2171.76,6.45,1.08
04-04-2023,1500,25.07,32.28,,2.02,2182.78,,1.06
05-04-2023,1503.84,25.21,32.82,,2.04,2197.82,,1.04
06-04-2023,1500.79,25.42,33.06,,2.04,2196.34,,1.03
07-04-2023,1524.54,24.98,33.26,2.26,2.08,2149.9,,1.01
10-04-2023,1535.81,25.78,33.38,,2.1,2142.86,,0.96
11-04-2023,1593.27,25.75,31.64,,2.15,2121.11,,0.94
12-04-2023,1562.58,25.83,33.2,,2.16,2100.38,,0.92
13-04-2023,1562.64,26.7,32.45,,2.19,2113.92,,0.93
14-04-2023,1543.23,26.33,31.82,2.06,2.19,2122.66,,0.95
17-04-2023,1565.23,26.11,31.57,,2.21,2081.77,,0.96
18-04-2023,1581.22,25.95,30.56,,2.22,2078.58,,0.94
19-04-2023,1596.07,25.33,31.93,,2.24,2094.37,,0.94
20-04-2023,1581.73,25.46,31.44,,2.26,2099.91,,0.95
21-04-2023,1568.12,25.69,30.92,2.19,2.25,2095.59,,0.95
24-04-2023,1530.84,25.78,30.29,,2.24,2096.24,,0.93
25-04-2023,1563.04,26.09,30.63,,2.18,2064.66,,0.92
26-04-2023,1573.07,26.51,31.72,,2.19,2116.35,,0.93
27-04-2023,1568.63,26.68,31.94,,2.15,2120.32,,0.94
28-04-2023,1586.77,26.57,31.34,2.25,2.13,2096.87,,0.95
01-05-2023,1601.62,27.17,32.4,,2.12,2047.5,7.49,0.94
02-05-2023,1620.96,26.84,32.64,,2.14,2001.24,,0.94
03-05-2023,1590.16,27.53,32.06,,2.16,1985.37,,0.93
04-05-2023,1577.07,27.44,32.01,,2.17,2012.58,,0.93
05-05-2023,1581.25,27.83,32.12,2.02,2.17,1998.01,,0.91
08-05-2023,1588.48,28.77,32.32,,2.18,1991.53,,0.93
09-05-2023,1607.32,27.63,32.32,,2.15,1965.8,,0.92
10-05-2023,1588.46,27.54,32.35,,2.2,2004.55,,0.92
11-05-2023,1591.36,27.35,33.9,,2.25,2064.23,,0.9
12-05-2023,1634.53,28.22,36.39,1.99,2.23,1992.49,,0.89
15-05-2023,1648.65,28.02,36.56,,2.19,1983.27,,0.85
16-05-2023,1666.46,29.44,35.74,,2.15,1996.28,,0.86
17-05-2023,1666.58,28.65,34.82,,2.13,2009.4,,0.86
18-05-2023,1682.51,28.84,35.54,,2.1,1996.38,,0.85
19-05-2023,1719.84,28.65,34.13,1.99,2.11,1984.41,,0.85
22-05-2023,1722.56,28.92,33.98,,2.11,2002.17,,0.85
23-05-2023,1748.57,28.63,34.33,,2.14,2042.37,,0.83
24-05-2023,1730.83,28.41,34.49,,2.15,1995.83,,0.81
25-05-2023,1743.65,27.5,34.15,,2.15,1978.18,,0.79
26-05-2023,1763.2,27.56,35.76,1.88,2.14,1990.35,,0.8
29-05-2023,1747.88,26.84,36.49,,2.2,1964.34,,0.8
30-05-2023,1771.6,26.22,36.07,,2.25,1950.63,,0.78
31-05-2023,1757.83,26.27,36.79,,2.22,1984.83,,0.77
01-06-2023,1741.45,26.22,36.63,,2.23,1992.47,8.27,0.77
02-06-2023,1741.95,26.72,36.17,2.08,2.23,1979.16,,0.77
05-06-2023,1783.34,26.08,35.81,,2.22,1991.8,,0.76
06-06-2023,1790.5,26.29,36.89,,2.2,1957.23,,0.74
07-06-2023,1811.27,26.45,36.39,,2.16,1961.78,,0.74
08-06-2023,1795.97,26.31,36.33,,2.15,1973.69,,0.75
09-06-2023,1798.18,25.94,37.27,2.21,2.18,2005.14,,0.76
12-06-2023,1773.5,25.91,37.57,,2.23,2022.25,,0.76
13-06-2023,1761.92,26.34,37.8,,2.26,2026.24,,0.74
14-06-2023,1780.21,26.17,37.18,,2.27,2021.49,,0.74
15-06-2023,1779.92,26.58,39.42,,2.32,2015.31,,0.74
16-06-2023,1811.74,26.46,40.25,2.38,2.31,2048.03,,0.73
19-06-2023,1807.88,27.3,37.94,,2.31,2081.63,,0.71
20-06-2023,1804.14,27.32,39.2,,2.26,2096.66,,0.7
21-06-2023,1832.54,27.24,37.97,,2.31,2098.04,,0.7
22-06-2023,1818.87,26.47,36.7,,2.34,2075.15,,0.71
23-06-2023,1786.54,25.81,36.07,2.18,2.31,2039.41,,0.7
26-06-2023,1815.2,25.99,37.23,,2.27,2027.78,,0.69
27-06-2023,1824.79,25.89,36.99,,2.33,2048.74,,0.69
28-06-2023,1778.52,26.03,37.19,,2.34,2053.41,,0.69
29-06-2023,1780.01,25.72,35.67,,2.31,2088.18,,0.71
30-06-2023,1771.94,25.66,36.65,2.24,2.3,2083.49,,0.71
03-07-2023,1809.97,25.38,36.42,,2.32,2040.28,9.16,0.72
04-07-2023,1794.75,25.52,35.27,,2.35,2022.49,,0.71
05-07-2023,1782.82,25.43,35.56,,2.38,2044.93,,0.7
06-07-2023,1763.97,26.31,36.01,,2.44,2051.9,,0.71
07-07-2023,1742.33,25.99,36.09,2.31,2.47,2055.57,,0.72
10-07-2023,1728.26,26.53,37.28,,2.49,2054.77,,0.73
11-07-2023,1699.24,26.04,37.84,,2.53,2041.71,,0.74
12-07-2023,1678.85,25.83,39.3,,2.52,2059.14,,0.74
13-07-2023,1647.29,25.45,39.25,,2.49,2045.46,,0.74
14-07-2023,1618.44,26.04,39.37,2.39,2.44,2056.35,,0.71
17-07-2023,1588.91,26.25,40.23,,2.47,2057.26,,0.7
18-07-2023,1579.48,26.33,41.42,,2.45,2015.1,,0.7
19-07-2023,1567.04,26.44,41.09,,2.45,2056.17,,0.69
20-07-2023,1544.61,25.94,43.08,,2.46,2049.78,,0.7
21-07-2023,1553.97,26.61,43.21,2.46,2.45,2072.62,,0.72
24-07-2023,1553.54,27.29,43.23,,2.43,2088.93,,0.72
25-07-2023,1545.97,27.29,43.72,,2.47,2088.68,,0.71
26-07-2023,1537.84,27.3,42.8,,2.53,2076.62,,0.72
27-07-2023,1567.99,27.63,41.08,,2.52,2082.48,,0.72
28-07-2023,1572.98,27.55,43.26,2.45,2.49,2068.5,,0.72
31-07-2023,1582.46,27.46,44.43,,2.56,2046.51,,0.69
01-08-2023,1534.56,27.23,43.43,,2.56,2033.36,9.39,0.67
02-08-2023,1523.03,27.07,43.59,,2.54,1989.99,,0.68
03-08-2023,1500,26.84,44.28,,2.53,1964.44,,0.69
04-08-2023,1500,27.21,43.75,2.41,2.56,1961.18,,0.7
07-08-2023,1507.19,27.05,45.36,,2.56,1975.78,,0.73
08-08-2023,1500,26.85,44.81,,2.57,1924.83,,0.73
09-08-2023,1509.82,26.56,45.94,,2.52,1937.22,,0.73
10-08-2023,1500,25.86,45.23,,2.49,1971.3,,0.73
11-08-2023,1510.85,26.61,45.82,2.58,2.53,1994.4,,0.73
14-08-2023,1500,26.86,47.64,,2.55,2030.31,,0.75
15-08-2023,1500,27.29,48.22,,2.59,1999.14,,0.74
16-08-2023,1508.03,27.04,47.64,,2.52,1974.51,,0.76
17-08-2023,1518.21,27.76,47.92,,2.5,1939.01,,0.73
18-08-2023,1516.35,27.85,48.8,2.53,2.51,1974.13,,0.74
21-08-2023,1552.53,28.59,48.29,,2.54,2031.37,,0.76
22-08-2023,1545.29,28.59,47.83,,2.62,1989.77,,0.76
23-08-2023,1537.41,28.58,49.99,,2.63,1985.9,,0.77
24-08-2023,1500,28.32,51.78,,2.59,1952.0,,0.75
25-08-2023,1532.64,28.36,50.94,2.59,2.57,1905.28,,0.78
28-08-2023,1526.33,28.49,49.3,,2.51,1882.2,,0.79
29-08-2023,1505.39,29.27,47.75,,2.57,1918.96,,0.78
30-08-2023,1529.9,30,46.45,,2.56,1906.87,,0.76
31-08-2023,1553.22,30,46.13,,2.54,1927.22,,0.74
01-09-2023,1555.71,30,46.05,2.64,2.58,1944.11,8.59,0.74
04-09-2023,1529.61,28.58,44.49,,2.63,1923.51,,0.71
05-09-2023,1537.78,28.34,44.67,,2.62,1957.54,,0.72
06-09-2023,1526.81,28.48,41.55,,2.6,1930.29,,0.72
07-09-2023,1505.96,28.95,41.71,,2.61,1917.65,,0.72
08-09-2023,1525.39,29.18,43.43,2.51,2.55,1929.14,,0.72
11-09-2023,1500,29.16,42.14,,2.57,1921.92,,0.74
12-09-2023,1510.7,28.92,39.22,,2.6,1916.01,,0.74
13-09-2023,1519.5,28.52,39.39,,2.6,1936.65,,0.77
14-09-2023,1557.83,29.52,40.09,,2.63,1966.21,,0.76
15-09-2023,1564.39,30,39.69,2.59,2.63,1920.94,,0.77
18-09-2023,1526.68,30,39.93,,2.64,1922.03,,0.76
19-09-2023,1511.89,30,41.25,,2.7,1954.23,,0.75
20-09-2023,1513.52,29.72,43.03,,2.7,1995.16,,0.77
21-09-2023,1520.45,30,43.69,,2.77,1931.23,,0.77
22-09-2023,1538.91,30.0,42.37,2.64,2.81,1912.4,,0.79
25-09-2023,1503.6,29.94,42.56,,2.8,1914.87,,0.8
26-09-2023,1500,29.93,41.52,,2.79,1904.85,,0.79
27-09-2023,1518.01,29.6,41.51,,2.77,1923.16,,0.76
28-09-2023,1546.87,29.15,41.27,,2.82,1935.68,,0.73
29-09-2023,1582.27,29.03,40.69,2.48,2.94,1949.79,,0.76
02-10-2023,1575.36,28.32,42.29,,2.93,1944.13,8.28,0.74
03-10-2023,1596.72,28.64,42.05,,2.94,1940.0,,0.76
04-10-2023,1630.35,29.08,40.53,,2.96,1964.08,,0.75
05-10-2023,1654.45,28.69,40.93,,2.97,1978.11,,0.74
06-10-2023,1669.38,27.77,41.65,2.56,2.96,1987.12,,0.75
09-10-2023,1686.55,27.98,41.71,,2.99,1990.26,,0.76
10-10-2023,1671.14,28.11,40.91,,2.93,1970.96,,0.77
11-10-2023,1642.86,28.13,40.48,,2.89,1952.01,,0.76
12-10-2023,1662.85,27.47,39.9,,2.9,1955.67,,0.78
13-10-2023,1656.44,26.54,39.41,2.64,2.9,1982.58,,0.78
16-10-2023,1656.38,27.38,38.73,,2.91,1957.0,,0.8
17-10-2023,1645.41,27.28,38.52,,2.94,1965.72,,0.81
18-10-2023,1638.16,27.54,37.25,,2.99,1976.3,,0.82
19-10-2023,1643.23,27.51,37.49,,2.95,1970.07,,0.8
20-10-2023,1623.7,27.73,36.77,2.81,2.92,1967.42,,0.83
23-10-2023,1625.52,27.1,37.59,,2.96,1984.26,,0.85
24-10-2023,1630.81,26.9,37.96,,2.97,1964.54,,0.84
25-10-2023,1629.79,26.26,39.42,,2.98,2000.76,,0.86
26-10-2023,1615.8,25.75,38.11,,3.03,1956.24,,0.85
27-10-2023,1631.61,25.44,39.48,2.84,2.95,1973.46,,0.85
30-10-2023,1669.19,24.63,39.38,,3.02,1991.71,,0.85
31-10-2023,1657.69,24.43,40.0,,3.03,2028.26,,0.82
01-11-2023,1682.93,24.13,40.91,,2.97,1975.57,7.59,0.82
02-11-2023,1701.5,23.63,41.91,,3.03,1948.88,,0.81
03-11-2023,1648.67,23.58,41.98,2.86,3.11,1976.82,,0.83
06-11-2023,1634.17,23.58,42.47,,3.18,1957.25,,0.82
07-11-2023,1622.23,23.23,42.38,,3.17,1956.9,,0.81
08-11-2023,1638.02,24.1,43.17,,3.21,1984.83,,0.79
09-11-2023,1642.22,24.42,42.22,,3.23,1957.87,,0.8
10-11-2023,1652.09,24.92,42.66,2.75,3.17,1931.87,,0.81
13-11-2023,1665.25,24.79,44.35,,3.29,1907.6,,0.82
14-11-2023,1647.88,25.19,46.64,,3.24,1906.94,,0.81
15-11-2023,1633.67,25.55,47.91,,3.35,1888.86,,0.82
16-11-2023,1610.36,25.1,49.7,,3.35,1890.58,,0.83
17-11-2023,1607.55,24.8,50.36,3.02,3.36,1888.16,,0.82
20-11-2023,1605.74,26.14,51.72,,3.35,1900.85,,0.82
21-11-2023,1609.52,25.96,54.31,,3.42,1884.97,,0.82
22-11-2023,1596.02,26.19,54.24,,3.51,1898.89,,0.83
23-11-2023,1613.96,26.1,52.14,,3.52,1920.28,,0.83
24-11-2023,1632.31,26.5,51.93,3.02,3.49,1942.98,,0.81
27-11-2023,1663.38,26.04,52.19,,3.45,1954.49,,0.8
28-11-2023,1678.14,25.58,51.13,,3.49,1943.97,,0.79
29-11-2023,1682.39,26.11,49.63,,3.38,1946.99,,0.83
30-11-2023,1696.53,26.21,49.04,,3.3,1912.22,,0.84
01-12-2023,1709.5,25.08,47.56,3.09,3.3,1920.2,7.61,0.81
04-12-2023,1696.69,25.1,48.67,,3.31,1943.32,,0.8
05-12-2023,1723.66,25.02,50.8,,3.29,1927.19,,0.79
06-12-2023,1760.1,25.35,51.67,,3.27,1962.78,,0.82
07-12-2023,1802.9,25.51,49.91,,3.19,1984.55,,0.83
08-12-2023,1804.2,25.67,50.18,3.45,3.17,2036.28,,0.83
11-12-2023,1811.78,25.72,49.12,,3.16,2007.22,,0.84
12-12-2023,1821.4,25.86,49.48,,3.18,2009.61,,0.86
13-12-2023,1821.89,25.34,48.48,,3.21,1992.77,,0.85
14-12-2023,1836.03,24.98,49.7,,3.11,1982.45,,0.83
15-12-2023,1833.92,24.61,50.59,3.43,3.19,2002.77,,0.81
18-12-2023,1830.2,24.03,50.19,,3.09,2033.45,,0.81
19-12-2023,1869.81,24.38,50.84,,3.11,2033.17,,0.81
20-12-2023,1874.07,24.86,50.93,,3.09,2024.72,,0.81
21-12-2023,1876.14,25.14,53.19,,3.14,1996.72,,0.82
22-12-2023,1896.67,24.88,50.73,3.62,3.17,1995.83,,0.82
25-12-2023,1900.67,24.65,51.27,,3.16,2003.38,,0.82
26-12-2023,1907.9,24.46,52.9,,3.14,2020.24,,0.83
27-12-2023,1907.02,24.96,52.42,,3.07,2045.35,,0.81
28-12-2023,1879.86,25.21,51.78,,3.06,2030.94,,0.81
29-12-2023,1879.72,26.02,52.02,3.41,3.03,2013.53,,0.79
01-01-2024,1854.81,25.58,50.85,,2.99,2049.04,7.36,0.79
02-01-2024,1860.05,25.48,50.18,,2.94,2056.53,,0.81
03-01-2024,1834.42,24.92,48.93,,2.94,2011.6,,0.8
04-01-2024,1855.26,24.3,48.72,,2.92,2054.41,,0.77
05-01-2024,1872.58,24.24,46.25,3.69,2.96,2036.64,,0.8
08-01-2024,1879.46,24.1,45.56,,2.94,2058.63,,0.82
09-01-2024,1877.76,23.88,46.21,,2.87,2050.26,,0.84
10-01-2024,1887.73,23.24,45.79,,2.84,2052.14,,0.82
11-01-2024,1844.3,23.33,45.33,,2.84,2097.55,,0.83
12-01-2024,1820.73,23.22,46.37,3.22,2.77,2048.88,,0.83
15-01-2024,1818.02,23.61,48.24,,2.82,2040.76,,0.84
16-01-2024,1826.12,23.85,47.37,,2.81,2022.01,,0.86
17-01-2024,1824.93,23.3,48.83,,2.81,2015.2,,0.9
18-01-2024,1803.6,23.48,46.75,,2.81,2007.38,,0.9
19-01-2024,1807.03,23.23,45.78,2.99,2.84,2032.05,,0.91
22-01-2024,1797.76,23.89,46.4,,2.87,2043.83,,0.93
23-01-2024,1775.39,23.88,46.71,,2.84,2031.74,,0.93
24-01-2024,1782.96,23.67,46.86,,2.81,2072.32,,0.93
25-01-2024,1779.0,23.51,47.9,,2.89,2095.56,,0.94
26-01-2024,1805.27,22.89,47.66,3.11,2.8,2072.07,,0.97
29-01-2024,1820.29,23.43,48.59,,2.76,2062.41,,0.99
30-01-2024,1836.96,24.34,48.01,,2.73,2044.71,,0.95
31-01-2024,1844.62,23.61,47.27,,2.76,2050.8,,0.98
01-02-2024,1826.56,23.51,45.12,,2.78,2040.97,6.84,0.98
02-02-2024,1806.7,23.47,45.89,3.02,2.79,2061.26,,0.96
05-02-2024,1775.62,23.22,44.92,,2.75,2047.51,,0.98
06-02-2024,1838.59,23.75,46.07,,2.77,2048.24,,0.99
07-02-2024,1815.47,24.29,47.26,,2.73,2032.75,,0.99
08-02-2024,1811.45,24.19,47.01,,2.71,2017.13,,0.99
09-02-2024,1804.17,25.12,47.12,3.13,2.67,2039.84,,1.02
12-02-2024,1798.64,25.14,47.36,,2.65,2000.59,,1.04
13-02-2024,1786.61,25.04,47.13,,2.61,2007.09,,1.02
14-02-2024,1747.53,25.17,45.45,,2.62,2029.06,,0.99
15-02-2024,1727.24,24.84,47.13,,2.63,2064.27,,0.98
16-02-2024,1699.16,25.51,46.48,2.96,2.6,2039.62,,0.97
19-02-2024,1697.09,25.8,47.11,,2.58,2072.53,,0.96
20-02-2024,1683.71,25.65,47.46,,2.6,2070.03,,0.98
21-02-2024,1670.39,25.57,47.82,,2.6,2072.88,,0.96
22-02-2024,1675.22,25.16,48.09,,2.66,2080.81,,0.96
23-02-2024,1664.05,25.29,49.21,3.21,2.65,2045.83,,0.98
26-02-2024,1683.27,24.71,48.16,,2.66,2081.41,,0.97
27-02-2024,1675.99,24.72,49.38,,2.69,2100.79,,0.98
28-02-2024,1681.03,24.5,49.59,,2.65,2083.31,,0.97
29-02-2024,1655.0,24.76,49.65,,2.61,2067.78,,1.01
01-03-2024,1668.6,25.24,49.15,3.04,2.55,2132.52,6.21,1.02
04-03-2024,1661.01,25.6,49.1,,2.57,2127.35,,1.0
05-03-2024,1669.67,25.56,49.83,,2.56,2125.74,,0.98
06-03-2024,1676.8,25.24,48.4,,2.57,2081.53,,0.96
07-03-2024,1673.82,25.11,46.37,,2.58,2075.68,,0.94
08-03-2024,1678.69,25.11,46.06,3.14,2.59,2090.23,,0.96
11-03-2024,1671.45,25.34,46.89,,2.61,2075.86,,0.94
12-03-2024,1699.18,25.09,46.55,,2.6,2080.2,,0.94
13-03-2024,1718.85,24.66,48.18,,2.63,2089.38,,0.95
14-03-2024,1729.35,24.75,49.78,,2.65,2079.77,,0.97
15-03-2024,1705.55,25.37,51.56,3.55,2.6,2107.49,,1.0
18-03-2024,1683.7,26.25,53.48,,2.59,2102.67,,1.03
19-03-2024,1670.84,26.63,53.85,,2.65,2100.77,,1.02
20-03-2024,1666.44,26.17,54.62,,2.8,2100.88,,1.02
21-03-2024,1675.92,26.85,53.71,,2.8,2052.71,,1.0
22-03-2024,1658.49,26.45,50.23,3.48,2.8,2068.6,,1.04
25-03-2024,1682.58,26.09,50.76,,2.73,2089.8,,1.04
26-03-2024,1683.16,26.3,49.8,,2.73,2111.4,,1.06
27-03-2024,1643.49,25.67,49.56,,2.73,2124.07,,1.08
28-03-2024,1634.63,26.05,46.58,,2.71,2122.11,,1.07
29-03-2024,1585.17,26.03,47.65,3.87,2.78,2137.61,,1.06
01-04-2024,1571.41,26.23,47.42,,2.79,2215.17,7.69,1.06
02-04-2024,1561.56,25.85,46.73,,2.75,2184.1,,1.05
03-04-2024,1550.63,26.25,45.41,,2.71,2201.77,,1.04
04-04-2024,1545.05,26.5,44.51,,2.74,2216.28,,1.07
05-04-2024,1538.22,26.34,43.58,3.87,2.71,2241.1,,1.1
08-04-2024,1527.76,26.8,42.54,,2.68,2200.37,,1.13
09-04-2024,1556.02,25.55,41.08,,2.61,2259.18,,1.1
10-04-2024,1579.35,25.73,40.87,,2.6,2297.88,,1.08
11-04-2024,1558.32,25.69,40.53,,2.63,2291.43,,1.07
12-04-2024,1582.42,25.33,41.42,3.64,2.66,2346.94,,1.12
15-04-2024,1552.39,25.42,39.66,,2.67,2352.46,,1.16
16-04-2024,1537.75,25.65,39.22,,2.74,2418.67,,1.16
17-04-2024,1566.63,25.32,38.37,,2.69,2425.96,,1.16
18-04-2024,1525.54,25.28,38.7,,2.7,2363.83,,1.16
19-04-2024,1536.56,25.27,38.66,3.95,2.71,2363.49,,1.2
22-04-2024,1514.08,25.45,39.5,,2.65,2350.08,,1.22
23-04-2024,1511.92,26.03,41.36,,2.64,2308.93,,1.25
24-04-2024,1509.1,25.82,41.37,,2.6,2279.9,,1.26
25-04-2024,1540.62,26.45,41.93,,2.61,2288.69,,1.24
26-04-2024,1526.16,25.84,41.16,3.76,2.58,2266.96,,1.23
29-04-2024,1525.35,25.99,41.04,,2.6,2297.13,,1.21
30-04-2024,1537.34,25.21,41.07,,2.67,2247.83,,1.23
01-05-2024,1533.16,25.25,43.34,,2.66,2241.08,8.07,1.25
02-05-2024,1518.56,25.58,42.13,,2.63,2255.28,,1.31
03-05-2024,1517.94,26.54,42.0,3.99,2.59,2267.68,,1.32
06-05-2024,1520.1,26.57,42.03,,2.6,2251.63,,1.32
07-05-2024,1536.77,26.22,41.25,,2.57,2260.04,,1.31
08-05-2024,1519.94,26.72,41.62,,2.6,2230.28,,1.31
09-05-2024,1512.22,26.75,41.65,,2.67,2210.44,,1.33
10-05-2024,1518.55,26.8,41.78,3.58,2.74,2170.43,,1.28
13-05-2024,1515.96,27.26,41.04,,2.82,2208.09,,1.26
14-05-2024,1513.05,27.81,41.81,,2.82,2196.97,,1.23
15-05-2024,1513.19,26.96,40.86,,2.84,2169.2,,1.27
16-05-2024,1501.06,27.0,40.49,,2.81,2161.51,,1.29
17-05-2024,1500,27.0,41.36,3.67,2.75,2200.55,,1.28
20-05-2024,1508.41,26.49,42.84,,2.78,2251.87,,1.29
21-05-2024,1500,25.73,42.05,,2.73,2226.3,,1.33
22-05-2024,1521.58,25.71,42.72,,2.77,2279.76,,1.32
23-05-2024,1526.01,25.51,42.64,,2.73,2278.66,,1.33
24-05-2024,1503.26,25.18,43.77,3.18,2.72,2313.47,,1.32
27-05-2024,1508.83,25.13,43.91,,2.8,2340.53,,1.33
28-05-2024,1512.32,24.98,45.82,,2.81,2317.78,,1.34
29-05-2024,1526.67,24.99,47.62,,2.83,2297.64,,1.35
30-05-2024,1548.51,25.72,46.48,,2.82,2248.78,,1.34
31-05-2024,1542.18,25.71,46.11,2.92,2.86,2250.33,,1.32
03-06-2024,1529.6,26.61,45.26,,2.85,2262.84,6.91,1.32
04-06-2024,1518.97,27.22,45.18,,2.81,2257.35,,1.32
05-06-2024,1501.64,27.7,43.18,,2.77,2221.73,,1.32
06-06-2024,1500,27.35,41.42,,2.7,2235.33,,1.35
07-06-2024,1505.58,27.21,42.5,3.04,2.65,2259.44,,1.34
10-06-2024,1506.31,26.78,42.87,,2.68,2264.85,,1.33
11-06-2024,1500,26.99,43.7,,2.68,2247.01,,1.34
12-06-2024,1500,26.96,42.73,,2.64,2257.41,,1.34
13-06-2024,1506.73,27.18,41.63,,2.67,2230.43,,1.33
14-06-2024,1500,27.34,41.44,3.03,2.68,2238.88,,1.31
17-06-2024,1500,27.43,42.9,,2.7,2250.35,,1.28
18-06-2024,1500,27.26,42.99,,2.66,2282.06,,1.27
19-06-2024,1500,26.8,43.2,,2.64,2338.34,,1.3
20-06-2024,1500,26.59,44.5,,2.65,2395.6,,1.34
21-06-2024,1515.42,26.95,44.93,2.67,2.64,2423.81,,1.34
24-06-2024,1531.34,26.88,45.14,,2.69,2407.62,,1.35
25-06-2024,1532.55,26.86,45.64,,2.72,2429.1,,1.36
26-06-2024,1535.42,27.29,45.43,,2.78,2385.47,,1.37
27-06-2024,1545.63,27.54,47.26,,2.79,2385.73,,1.35
28-06-2024,1545.52,26.82,47.15,2.61,2.77,2382.38,,1.37
01-07-2024,1562.61,26.79,46.32,,2.77,2367.35,8.18,1.39
02-07-2024,1594.45,26.38,47.12,,2.87,2383.41,,1.35
03-07-2024,1596.47,26.36,48.26,,2.92,2370.56,,1.36
04-07-2024,1605.41,26.56,47.7,,2.91,2433.86,,1.37
05-07-2024,1622.81,26.81,48.58,2.48,2.94,2428.86,,1.35
08-07-2024,1616.73,27.63,49.92,,2.93,2490.15,,1.33
09-07-2024,1595.46,27.39,45.92,,2.92,2500.04,,1.36
10-07-2024,1613.39,27.26,43.99,,2.97,2468.45,,1.38
11-07-2024,1583.78,27.55,44.44,,2.99,2472.6,,1.43
12-07-2024,1618.63,28.04,43.43,2.51,3.03,2542.99,,1.4
15-07-2024,1636.11,27.53,45.3,,3.11,2538.47,,1.38
16-07-2024,1640.29,27.88,45.68,,3.09,2541.97,,1.37
17-07-2024,1641.79,28.23,45.58,,3.11,2560.81,,1.35
18-07-2024,1677.16,28.16,45.66,,3.15,2587.94,,1.33
19-07-2024,1658.73,28.03,45.23,2.4,3.19,2613.95,,1.33
22-07-2024,1636.28,28.41,44.52,,3.17,2557.6,,1.3
23-07-2024,1625.07,28.63,44.67,,3.18,2533.92,,1.28
24-07-2024,1620.46,28.85,45.81,,3.27,2517.0,,1.27
25-07-2024,1601.48,28.48,44.08,,3.24,2618.97,,1.29
26-07-2024,1604.93,27.62,44.36,2.67,3.27,2592.47,,1.29
29-07-2024,1608.03,27.58,43.87,,3.29,2597.66,,1.3
30-07-2024,1592.88,27.45,43.97,,3.22,2690.68,,1.3
31-07-2024,1624.3,27.69,43.16,,3.25,2709.01,,1.28
01-08-2024,1597.87,27.32,43.33,,3.19,2757.37,9.01,1.27
02-08-2024,1574.05,27.64,42.19,2.25,3.2,2788.63,,1.29
05-08-2024,1581.65,27.86,42.18,,3.26,2732.37,,1.32
06-08-2024,1578.19,27.5,41.91,,3.24,2716.49,,1.35
07-08-2024,1586.59,27.98,40.21,,3.17,2708.33,,1.4
08-08-2024,1575.33,27.81,40.64,,3.16,2646.09,,1.46
09-08-2024,1556.38,27.47,37.89,2.51,3.16,2576.05,,1.46
12-08-2024,1544.83,27.61,37.54,,3.17,2610.23,,1.45
13-08-2024,1532.67,27.61,36.18,,3.18,2676.8,,1.46
14-08-2024,1542.82,27.17,36.42,,3.2,2640.48,,1.46
15-08-2024,1534.42,27.48,36.12,,3.13,2637.02,,1.45
16-08-2024,1548.97,27.49,36.87,2.65,3.18,2687.98,,1.41
19-08-2024,1560.41,27.12,36.69,,3.08,2725.56,,1.42
20-08-2024,1580.49,26.29,36.51,,3.06,2676.51,,1.4
21-08-2024,1598.14,26.5,37.55,,3.1,2675.73,,1.4
22-08-2024,1613.74,26.55,37.12,,3.07,2690.61,,1.36
23-08-2024,1629.21,26.62,37.1,2.37,3.0,2626.18,,1.39
26-08-2024,1619.62,27.29,38.46,,2.97,2608.29,,1.35
27-08-2024,1615.02,26.1,39.11,,2.95,2590.0,,1.4
28-08-2024,1580.42,26.72,41.1,,3.04,2514.08,,1.38
29-08-2024,1586.44,27.39,41.59,,2.97,2488.72,,1.39
30-08-2024,1574.13,26.92,41.05,2.74,2.99,2493.32,,1.39
02-09-2024,1582.21,27.42,42.17,,2.98,2507.6,8.06,1.36
03-09-2024,1592.74,27.03,43.17,,2.95,2466.05,,1.35
04-09-2024,1567.57,26.54,42.88,,2.89,2483.91,,1.36
05-09-2024,1549.08,26.5,43.47,,2.83,2478.02,,1.35
06-09-2024,1543.06,27.39,43.39,3.04,2.85,2474.29,,1.37
09-09-2024,1533.97,27.58,43.94,,2.88,2455.78,,1.37
10-09-2024,1537.51,27.61,43.99,,2.94,2387.9,,1.35
11-09-2024,1516.79,28.06,43.85,,2.9,2415.36,,1.36
12-09-2024,1518.11,27.76,45.76,,2.81,2430.53,,1.37
13-09-2024,1500,28.53,46.29,2.93,2.83,2430.21,,1.39
16-09-2024,1500,29.35,44.78,,2.85,2414.06,,1.44
17-09-2024,1513.41,29.59,45.03,,2.91,2372.42,,1.42
18-09-2024,1500,29.18,44.7,,2.83,2385.43,,1.39
19-09-2024,1500,29.76,45.06,,2.89,2371.53,,1.42
20-09-2024,1500,29.93,45.34,2.93,2.9,2389.83,,1.4
23-09-2024,1500,30,45.77,,2.99,2411.3,,1.4
24-09-2024,1500,30,43.87,,2.98,2396.08,,1.38
25-09-2024,1500,30,42.19,,3.04,2373.87,,1.37
26-09-2024,1518.25,29.53,43.71,,3.01,2369.24,,1.35
27-09-2024,1526.92,30,43.69,2.81,3.11,2379.89,,1.36
30-09-2024,1522.6,30,45.18,,3.09,2327.58,,1.37
01-10-2024,1536.96,30,45.79,,3.02,2333.73,8.24,1.36
02-10-2024,1558.16,30,45.19,,3.03,2290.44,,1.34
03-10-2024,1566.34,30,43.33,,3.09,2280.05,,1.36
04-10-2024,1559.19,30,43.9,2.95,3.15,2350.01,,1.33
07-10-2024,1578.84,30,44.48,,3.14,2320.33,,1.32
08-10-2024,1613.19,29.91,46.48,,3.16,2290.11,,1.32
09-10-2024,1626.51,29.63,46.26,,3.16,2278.38,,1.32
10-10-2024,1661.94,29.36,46.35,,3.23,2272.22,,1.35
11-10-2024,1681.03,29.22,44.31,3.31,3.28,2234.53,,1.37
14-10-2024,1698.75,29.76,43.66,,3.26,2244.94,,1.39
15-10-2024,1677.17,29.58,43.93,,3.3,2264.07,,1.37
16-10-2024,1655.41,29.53,43.56,,3.3,2279.51,,1.37
17-10-2024,1654.92,29.49,42.63,,3.36,2290.31,,1.34
18-10-2024,1622.59,29.78,44.17,3.33,3.35,2282.7,,1.35
21-10-2024,1611.56,30,45.99,,3.35,2255.24,,1.32
22-10-2024,1628.91,30,44.78,,3.32,2256.69,,1.35
23-10-2024,1616.45,29.27,44.9,,3.25,2272.59,,1.34
24-10-2024,1627.31,29.15,44.43,,3.19,2248.18,,1.38
25-10-2024,1601.62,29.47,46.12,3.64,3.24,2242.48,,1.37
28-10-2024,1592.64,28.59,46.41,,3.28,2243.28,,1.36
29-10-2024,1612.8,29.51,47.12,,3.24,2310.75,,1.33
30-10-2024,1617.33,29.46,46.04,,3.26,2345.36,,1.35
31-10-2024,1623.46,29.05,47.6,,3.26,2387.45,,1.36
01-11-2024,1657.51,29.57,47.25,3.8,3.3,2409.87,8.89,1.39
04-11-2024,1684.01,28.43,49.52,,3.28,2391.17,,1.34
05-11-2024,1666.88,28.55,50.9,,3.28,2410.77,,1.35
06-11-2024,1693.96,28.05,50.09,,3.23,2459.52,,1.39
07-11-2024,1682.0,28.06,50.76,,3.28,2428.54,,1.43
08-11-2024,1682.15,28.25,51.08,3.73,3.31,2430.95,,1.41
11-11-2024,1682.97,28.67,50.81,,3.32,2435.52,,1.46
12-11-2024,1705.29,28.89,51.78,,3.44,2453.83,,1.43
13-11-2024,1682.84,30,51.76,,3.5,2491.83,,1.4
14-11-2024,1692.5,30,51.81,,3.58,2485.91,,1.43
15-11-2024,1703.68,29.82,51.0,3.74,3.6,2481.34,,1.4
18-11-2024,1720.87,30,50.07,,3.57,2585.55,,1.41
19-11-2024,1717.05,29.97,50.18,,3.6,2569.97,,1.4
20-11-2024,1738.37,30,50.41,,3.6,2525.02,,1.45
21-11-2024,1724.11,27.96,51.8,,3.58,2530.1,,1.45
22-11-2024,1748.53,28.19,50.08,4.39,3.65,2512.17,,1.5
25-11-2024,1756.46,28.16,50.24,,3.63,2507.16,,1.5
26-11-2024,1727.72,27.95,52.29,,3.65,2503.78,,1.48
27-11-2024,1736.71,27.63,51.42,,3.65,2431.07,,1.5
28-11-2024,1740.98,28.09,50.11,,3.57,2434.28,,1.5
29-11-2024,1734.08,27.09,48.97,4.54,3.6,2442.03,,1.5
02-12-2024,1719.35,28.68,49.96,,3.65,2480.44,10.51,1.5
03-12-2024,1714.91,29.29,48.41,,3.65,2486.51,,1.5
04-12-2024,1685.99,29.49,48.44,,3.66,2524.67,,1.46
05-12-2024,1721.07,30,47.65,,3.65,2579.66,,1.5
06-12-2024,1698.43,30,46.98,4.76,3.61,2597.85,,1.46
09-12-2024,1685.51,29.53,46.63,,3.58,2614.02,,1.43
10-12-2024,1709.34,30,46.2,,3.49,2603.35,,1.39
11-12-2024,1721.9,29.14,45.79,,3.52,2625.03,,1.4
12-12-2024,1737.37,29.46,45.74,,3.45,2614.3,,1.4
13-12-2024,1769.81,30,46.06,4.68,3.43,2536.22,,1.41
16-12-2024,1763.72,30,45.55,,3.32,2532.56,,1.36
17-12-2024,1742.23,29.24,46.09,,3.29,2570.86,,1.34
18-12-2024,1760.5,29.35,45.55,,3.32,2601.17,,1.36
19-12-2024,1777.94,29.3,45.05,,3.32,2592.64,,1.38
20-12-2024,1771.51,28.92,45.1,4.81,3.32,2566.6,,1.34
23-12-2024,1745.33,27.75,43.22,,3.34,2558.27,,1.34
24-12-2024,1772.01,27.17,42.35,,3.25,2557.61,,1.35
25-12-2024,1784.83,26.93,41.66,,3.3,2519.51,,1.38
26-12-2024,1756.18,27.49,40.61,,3.28,2487.23,,1.31
27-12-2024,1773.23,28.9,40.39,5.54,3.28,2485.13,,1.33
30-12-2024,1743.35,29.36,39.66,,3.3,2492.61,,1.31
31-12-2024,1733.81,28.95,38.77,,3.17,2511.89,,1.26
01-01-2025,1711.11,28.74,39.78,,3.24,2486.24,9.39,1.29
02-01-2025,1698.57,29.31,41.91,,3.23,2425.17,,1.29
03-01-2025,1682.17,29.65,42.98,5.36,3.25,2419.55,,1.31
06-01-2025,1670.34,29.87,43.31,,3.24,2451.06,,1.33
07-01-2025,1685.42,30,44.55,,3.21,2404.98,,1.33
08-01-2025,1691.9,30,44.91,,3.27,2378.85,,1.31
09-01-2025,1705.23,30,44.63,,3.22,2358.67,,1.3
10-01-2025,1728.24,30,44.76,6.1,3.23,2410.18,,1.31
13-01-2025,1721.05,30,44.4,,3.21,2445.64,,1.32
14-01-2025,1723.22,30,42.02,,3.23,2435.62,,1.32
15-01-2025,1734.9,29.76,41.16,,3.28,2460.87,,1.3
16-01-2025,1771.33,28.62,40.32,,3.31,2438.92,,1.27
17-01-2025,1791.08,28.88,40.82,5.73,3.34,2438.33,,1.29
20-01-2025,1821.57,28.51,40.34,,3.31,2381.2,,1.28
21-01-2025,1844.53,29.2,38.57,,3.3,2351.54,,1.3
22-01-2025,1868.64,29.31,38.55,,3.31,2323.02,,1.35
23-01-2025,1829.6,30,38.84,,3.38,2288.45,,1.41
24-01-2025,1849.6,29.55,39.6,5.54,3.4,2305.52,,1.4
27-01-2025,1854.88,30,39.97,,3.39,2276.37,,1.35
28-01-2025,1856.65,29.14,42.44,,3.4,2306.83,,1.33
29-01-2025,1845.49,29.65,41.54,,3.45,2324.04,,1.38
30-01-2025,1836.65,29.53,42.94,,3.48,2331.7,,1.38
31-01-2025,1846.4,30,43.95,5.34,3.52,2367.91,,1.39
03-02-2025,1865.66,29.82,43.26,,3.5,2376.15,9.0,1.39
04-02-2025,1832.98,30,43.13,,3.55,2354.72,,1.39
05-02-2025,1838.33,30,42.34,,3.53,2341.98,,1.41
06-02-2025,1826.56,30,42.22,,3.54,2362.85,,1.46
07-02-2025,1806.38,30,41.77,5.55,3.57,2324.46,,1.5
10-02-2025,1815.45,30,41.31,,3.5,2352.58,,1.5
11-02-2025,1808.85,29.71,41.31,,3.49,2346.86,,1.46
12-02-2025,1795.14,30,40.27,,3.5,2366.29,,1.48
13-02-2025,1779.18,29.82,41.42,,3.51,2370.39,,1.48
14-02-2025,1785.73,30,42.35,5.56,3.56,2346.94,,1.46
17-02-2025,1786.05,30,41.63,,3.44,2396.37,,1.4
18-02-2025,1763.33,29.58,42.55,,3.35,2389.28,,1.43
19-02-2025,1746.15,28.46,41.45,,3.4,2399.18,,1.45
20-02-2025,1742.85,28.56,39.65,,3.44,2383.11,,1.45
21-02-2025,1751.87,28.21,39.97,5.12,3.55,2358.79,,1.45
24-02-2025,1730.46,27.95,40.53,,3.54,2362.16,,1.47
25-02-2025,1741.15,27.8,39.79,,3.6,2347.26,,1.45
26-02-2025,1724.54,27.54,40.33,,3.73,2345.84,,1.48
27-02-2025,1782.45,28.27,42.36,,3.6,2350.42,,1.5
28-02-2025,1762.97,28.85,45.69,5.47,3.51,2334.68,,1.5
03-03-2025,1746.86,29.47,44.71,,3.49,2365.23,9.26,1.5
04-03-2025,1751.45,30,45.09,,3.42,2384.23,,1.44
05-03-2025,1733.11,29.6,43.73,,3.5,2321.86,,1.43
06-03-2025,1750.93,28.3,46.95,,3.48,2294.9,,1.38
07-03-2025,1789.73,29.36,46.45,5.17,3.45,2284.26,,1.38
10-03-2025,1781.96,29.5,47.47,,3.51,2255.74,,1.4
11-03-2025,1786.2,29.48,47.59,,3.55,2234.86,,1.41
12-03-2025,1775.66,28.55,46.36,,3.52,2254.1,,1.4
13-03-2025,1776.2,27.87,46.13,,3.55,2268.85,,1.42
14-03-2025,1807.52,28.23,44.6,5.18,3.51,2222.17,,1.42
17-03-2025,1827.57,28.17,43.9,,3.47,2185.37,,1.42
18-03-2025,1808.39,27.1,43.62,,3.53,2192.95,,1.42
19-03-2025,1842.8,26.66,43.87,,3.49,2184.74,,1.38
20-03-2025,1869.24,27.17,41.46,,3.46,2208.52,,1.37
21-03-2025,1880.74,27.81,41.4,4.9,3.44,2190.28,,1.37
24-03-2025,1866.48,27.93,44.14,,3.41,2191.69,,1.36
25-03-2025,1868.52,29.4,43.11,,3.29,2167.36,,1.36
26-03-2025,1851.32,29.96,43.47,,3.21,2159.85,,1.39
27-03-2025,1862.3,30,43.02,,3.22,2177.18,,1.39
28-03-2025,1855.8,30,40.1,5.08,3.29,2188.46,,1.39
31-03-2025,1807.23,30,39.12,,3.32,2157.5,,1.38
01-04-2025,1827.97,29.29,38.46,,3.29,2187.42,8.55,1.34
02-04-2025,1832.73,28.47,39.29,,3.29,2186.04,,1.38
03-04-2025,1857.16,28.1,39.27,,3.21,2198.89,,1.38
04-04-2025,1854.68,28.24,39.06,4.89,3.2,2211.68,,1.38
07-04-2025,1859.44,28.25,39.73,,3.19,2199.04,,1.36
08-04-2025,1885.06,28.45,39.87,,3.16,2224.5,,1.33
09-04-2025,1894.42,28.45,39.71,,3.19,2204.03,,1.31
10-04-2025,1901.55,28.7,40.39,,3.21,2193.66,,1.35
11-04-2025,1976.92,29.23,39.03,5.07,3.23,2159.57,,1.37
14-04-2025,1973.51,29.24,38.84,,3.34,2117.04,,1.34
15-04-2025,1978.11,29.1,40.08,,3.37,2178.8,,1.32
16-04-2025,2020.31,27.76,38.0,,3.27,2174.52,,1.33
17-04-2025,2001.49,28.21,37.26,,3.21,2163.35,,1.37
18-04-2025,1977.24,27.83,37.42,4.41,3.2,2217.18,,1.36
21-04-2025,1944.13,27.39,37.64,,3.16,2167.96,,1.33
22-04-2025,1957.21,27.83,37.33,,3.15,2203.04,,1.32
23-04-2025,1972.55,28.3,37.74,,3.22,2210.54,,1.32
24-04-2025,1990.78,28.66,36.92,,3.22,2206.99,,1.37
25-04-2025,1959.29,29.16,37.85,3.88,3.17,2200.75,,1.38
28-04-2025,1983.68,28.6,38.04,,3.24,2192.64,,1.37
29-04-2025,2012.99,28.49,39.81,,3.23,2235.94,,1.36
30-04-2025,2011.24,28.22,40.67,,3.22,2266.05,,1.34
01-05-2025,2012.63,29.12,41.25,,3.24,2262.56,7.52,1.33
02-05-2025,2029.62,29.59,42.74,3.94,3.26,2239.88,,1.33
05-05-2025,2039.19,29.46,41.9,,3.23,2241.01,,1.35
06-05-2025,2055.58,29.92,41.6,,3.23,2212.19,,1.31
07-05-2025,2029.57,30,39.83,,3.29,2189.38,,1.32
08-05-2025,2025.93,29.95,40.71,,3.35,2181.26,,1.32
09-05-2025,1997.27,30,42.44,3.96,3.31,2160.22,,1.31
12-05-2025,2013.06,30,41.94,,3.31,2142.52,,1.32
13-05-2025,2026.52,29.93,40.69,,3.39,2132.84,,1.34
14-05-2025,2024.72,29.27,41.86,,3.38,2104.64,,1.3
15-05-2025,2032.56,29.47,41.1,,3.31,2147.03,,1.3
16-05-2025,1995.54,29.34,40.59,4.07,3.28,2088.89,,1.3
19-05-2025,2016.8,28.75,42.19,,3.31,2108.39,,1.34
20-05-2025,2006.12,28.36,41.83,,3.31,2127.23,,1.35
21-05-2025,2009.83,28.25,41.64,,3.31,2122.68,,1.37
22-05-2025,2037.53,28.27,43.36,,3.32,2118.57,,1.34
23-05-2025,2019.72,28.56,44.02,3.77,3.31,2122.8,,1.36
26-05-2025,2049.56,28.46,42.87,,3.33,2124.41,,1.39
27-05-2025,2053.23,28.7,44.52,,3.4,2144.18,,1.41
28-05-2025,2054.54,28.52,42.63,,3.43,2159.77,,1.39
29-05-2025,2068.92,28.81,43.73,,3.45,2148.75,,1.42
30-05-2025,2038.8,29.03,44.28,3.93,3.51,2121.74,,1.39
02-06-2025,2054.0,29.34,43.71,,3.55,2130.82,8.55,1.4
03-06-2025,2056.14,30,42.88,,3.61,2147.13,,1.41
04-06-2025,2082.49,29.86,41.71,,3.51,2169.56,,1.41
05-06-2025,2077.7,29.02,43.56,,3.51,2154.46,,1.39
06-06-2025,2069.28,28.99,43.7,3.44,3.53,2225.37,,1.39
09-06-2025,2079.11,29.42,43.03,,3.52,2176.29,,1.38
10-06-2025,2078.25,29.45,43.66,,3.48,2229.49,,1.43
11-06-2025,2049.79,29.62,45.0,,3.47,2206.59,,1.47
12-06-2025,2045.64,28.73,45.37,,3.44,2203.97,,1.5
13-06-2025,2077.62,28.31,46.18,3.19,3.45,2255.14,,1.5
16-06-2025,2075.92,28.59,47.3,,3.49,2310.81,,1.5
17-06-2025,2054.97,29.0,47.38,,3.48,2358.47,,1.5
18-06-2025,2073.32,28.62,47.77,,3.54,2383.49,,1.5
19-06-2025,2028.32,28.82,47.64,,3.51,2396.59,,1.5
20-06-2025,1977.96,28.46,46.48,3.11,3.48,2354.16,,1.47
23-06-2025,1978.45,27.89,45.04,,3.48,2318.47,,1.47
24-06-2025,1983.35,27.93,45.56,,3.46,2316.63,,1.49
25-06-2025,1989.2,28.05,44.77,,3.51,2335.43,,1.5
26-06-2025,1968.59,28.26,44.76,,3.51,2357.88,,1.49
27-06-2025,1965.63,28.64,44.49,3.0,3.54,2384.44,,1.48
30-06-2025,1933.49,29.53,45.59,,3.59,2428.58,,1.47
01-07-2025,1939.17,30,45.92,,3.5,2474.27,8.54,1.5
02-07-2025,1902.52,29.81,46.28,,3.5,2476.04,,1.5
03-07-2025,1899.68,30,45.96,,3.5,2410.12,,1.49
04-07-2025,1906.23,29.23,45.81,2.97,3.41,2442.43,,1.49
07-07-2025,1867.03,29.29,45.43,,3.41,2435.94,,1.5
08-07-2025,1855.91,29.86,45.73,,3.4,2421.19,,1.5
09-07-2025,1874.11,30,43.81,,3.33,2426.96,,1.5
10-07-2025,1909.85,30,43.79,,3.4,2386.96,,1.5
11-07-2025,1876.25,30,44.21,2.99,3.41,2380.42,,1.5
14-07-2025,1884.48,29.61,44.65,,3.29,2336.5,,1.5
15-07-2025,1857.3,30,43.47,,3.27,2267.47,,1.49
16-07-2025,1828.1,29.96,43.03,,3.26,2247.17,,1.49
17-07-2025,1864.01,30,42.63,,3.25,2290.61,,1.48
18-07-2025,1879.58,30,42.07,3.51,3.22,2294.6,,1.49
21-07-2025,1862.09,30,40.81,,3.16,2318.26,,1.5
22-07-2025,1867.55,30,39.73,,3.18,2315.13,,1.5
23-07-2025,1882.56,30,39.74,,3.13,2327.62,,1.5
24-07-2025,1887.22,29.9,40.14,,3.18,2271.42,,1.48
25-07-2025,1939.39,29.71,40.29,3.77,3.2,2250.42,,1.45
28-07-2025,1954.13,29.35,39.43,,3.21,2225.32,,1.43
29-07-2025,1885.76,29.91,39.82,,3.19,2186.37,,1.41
30-07-2025,1879.76,30,39.63,,3.19,2189.95,,1.4
31-07-2025,1863.78,29.88,39.15,,3.2,2201.45,,1.43
01-08-2025,1859.78,28.93,38.27,3.66,3.2,2211.85,7.53,1.45
04-08-2025,1860.64,28.61,37.79,,3.13,2210.5,,1.41
05-08-2025,1846.71,28.84,38.48,,3.13,2231.02,,1.38
06-08-2025,1823.37,28.36,38.31,,3.02,2233.14,,1.37
07-08-2025,1854.0,27.39,38.2,,3.03,2241.42,,1.39
08-08-2025,1867.9,27.18,37.26,3.69,3.15,2224.84,,1.38
11-08-2025,1853.48,26.21,39.97,,3.1,2241.02,,1.38
12-08-2025,1869.22,26.37,37.77,,3.06,2253.67,,1.38
13-08-2025,1884.99,26.19,35.91,,3.1,2224.08,,1.4
14-08-2025,1914.45,26.22,35.45,,3.06,2205.53,,1.41
15-08-2025,1890.93,26.85,35.64,3.92,3.02,2236.73,,1.4
18-08-2025,1909.28,26.42,37.26,,3.01,2199.31,,1.37
19-08-2025,1895.98,25.43,37.75,,3.02,2187.87,,1.37
20-08-2025,1923.01,25.42,38.04,,3.06,2217.46,,1.36
21-08-2025,1919.15,25.65,38.93,,3.04,2237.38,,1.37
22-08-2025,1868.1,25.0,39.03,4.03,3.01,2266.4,,1.33
25-08-2025,1869.46,24.84,37.18,,3.0,2284.69,,1.37
26-08-2025,1830.41,24.7,37.42,,2.97,2274.44,,1.37
27-08-2025,1826.19,24.72,37.64,,2.98,2222.88,,1.4
28-08-2025,1825.46,24.45,39.74,,3.04,2283.47,,1.42
29-08-2025,1817.24,25.66,39.04,3.7,3.01,2308.1,,1.44
01-09-2025,1785.64,25.55,40.29,,2.95,2282.12,7.36,1.43
02-09-2025,1762.42,25.64,38.95,,2.95,2286.17,,1.41
03-09-2025,1745.17,25.43,40.48,,2.93,2267.87,,1.38
04-09-2025,1740.5,24.25,40.63,,2.87,2265.25,,1.4
05-09-2025,1768.15,24.87,41.49,3.58,2.81,2283.14,,1.41
08-09-2025,1783.8,23.5,42.24,,2.73,2262.63,,1.42
09-09-2025,1774.25,24.09,42.97,,2.73,2319.39,,1.4
10-09-2025,1802.12,23.53,43.08,,2.7,2309.73,,1.4
11-09-2025,1773.31,22.97,42.39,,2.77,2296.62,,1.37
12-09-2025,1788.48,22.93,42.23,3.8,2.79,2332.52,,1.33
15-09-2025,1785.26,23.86,41.44,,2.75,2298.06,,1.33
16-09-2025,1790.87,24.01,41.33,,2.71,2302.28,,1.29
17-09-2025,1805.18,23.93,39.71,,2.69,2366.94,,1.38
18-09-2025,1791.06,23.61,39.89,,2.63,2370.27,,1.39
19-09-2025,1808.91,23.9,40.88,4.04,2.63,2377.61,,1.42
22-09-2025,1809.25,23.75,42.14,,2.67,2360.3,,1.44
23-09-2025,1862.93,24.06,43.55,,2.66,2332.29,,1.45
24-09-2025,1856.7,23.23,43.73,,2.64,2325.99,,1.42
25-09-2025,1885.76,23.46,43.57,,2.56,2396.33,,1.43
26-09-2025,1901.03,23.6,43.3,3.81,2.5,2425.58,,1.48
29-09-2025,1875.0,23.04,43.74,,2.51,2443.02,,1.45
30-09-2025,1906.43,22.62,44.54,,2.5,2465.54,,1.48
01-10-2025,1882.89,22.57,44.92,,2.51,2496.95,8.63,1.48
02-10-2025,1833.68,22.38,43.45,,2.46,2486.75,,1.5
03-10-2025,1853.11,22.5,44.98,3.97,2.49,2486.72,,1.48
06-10-2025,1877.6,21.93,45.53,,2.47,2485.14,,1.5
07-10-2025,1879.33,21.59,46.68,,2.41,2500.19,,1.5
08-10-2025,1874.02,22.44,46.75,,2.37,2469.51,,1.5
09-10-2025,1910.54,22.11,46.45,,2.34,2428.47,,1.5
10-10-2025,1927.51,21.95,48.77,4.03,2.34,2405.77,,1.5
13-10-2025,1912.98,21.88,47.49,,2.28,2418.49,,1.5
14-10-2025,1930.42,21.78,45.54,,2.32,2384.64,,1.5
15-10-2025,1902.41,22.26,47.88,,2.32,2409.14,,1.5
16-10-2025,1890.25,22.04,48.18,,2.35,2373.97,,1.49
17-10-2025,1867.12,22.39,47.67,4.33,2.4,2367.8,,1.5
20-10-2025,1819.02,22.06,46.99,,2.39,2326.1,,1.5
21-10-2025,1794.04,22.37,44.7,,2.36,2345.18,,1.46
22-10-2025,1821.1,22.29,46.85,,2.39,2299.4,,1.48
23-10-2025,1797.8,22.23,47.69,,2.32,2240.54,,1.5
24-10-2025,1786.51,22.2,48.31,4.92,2.36,2242.82,,1.5
27-10-2025,1762.32,22.43,49.33,,2.36,2252.75,,1.5
28-10-2025,1781.26,21.96,48.22,,2.35,2275.78,,1.49
29-10-2025,1781.82,21.58,48.79,,2.31,2281.42,,1.5
30-10-2025,1792.88,22.4,50.14,,2.26,2294.44,,1.5
31-10-2025,1791.14,22.61,47.46,4.96,2.25,2300.45,,1.5
03-11-2025,1766.68,22.47,48.18,,2.27,2307.05,11.43,1.48
04-11-2025,1746.68,22.74,49.1,,2.27,2349.17,,1.5
05-11-2025,1764.84,22.72,49.23,,2.19,2343.15,,1.5
06-11-2025,1764.16,21.82,48.17,,2.17,2314.12,,1.49
07-11-2025,1781.16,21.89,47.98,5.07,2.19,2354.29,,1.5
10-11-2025,1715.35,21.85,47.44,,2.25,2384.56,,1.5
11-11-2025,1738.87,22.0,47.88,,2.24,2402.92,,1.5
12-11-2025,1729.11,21.7,47.26,,2.26,2386.5,,1.47
13-11-2025,1775.32,21.62,48.18,,2.26,2401.99,,1.48
14-11-2025,1765.01,22.07,47.57,4.46,2.25,2455.76,,1.48
17-11-2025,1766.13,22.02,46.96,,2.21,2441.15,,1.49
18-11-2025,1780.72,21.86,48.37,,2.18,2463.12,,1.49
19-11-2025,1762.63,22.01,48.18,,2.13,2421.13,,1.5
20-11-2025,1781.72,21.86,48.84,,2.15,2392.65,,1.49
21-11-2025,1768.51,22.29,47.29,4.97,2.18,2423.86,,1.48
24-11-2025,1796.62,22.23,49.13,,2.17,2445.24,,1.5
25-11-2025,1814.35,22.38,47.39,,2.15,2434.67,,1.5
26-11-2025,1825.72,22.11,47.51,,2.19,2401.1,,1.5
27-11-2025,1810.46,21.62,47.25,,2.26,2378.53,,1.5
28-11-2025,1806.44,21.91,46.37,4.77,2.2,2443.18,,1.48
01-12-2025,1813.49,22.02,46.06,,2.22,2445.65,11.79,1.48
02-12-2025,1770.31,22.28,47.52,,2.23,2473.89,,1.48
03-12-2025,1759.16,22.58,49.64,,2.24,2493.23,,1.48
04-12-2025,1779.6,22.0,49.36,,2.26,2502.57,,1.49
05-12-2025,1753.25,22.06,48.93,4.81,2.31,2517.67,,1.46
08-12-2025,1780.9,21.28,46.69,,2.31,2507.54,,1.44
09-12-2025,1768.06,21.49,48.75,,2.39,2545.19,,1.42
10-12-2025,1775.46,21.08,47.47,,2.34,2548.7,,1.43
11-12-2025,1751.7,21.26,46.42,,2.37,2538.79,,1.45
12-12-2025,1762.44,21.55,46.55,4.86,2.32,2557.19,,1.46
15-12-2025,1772.79,21.35,47.42,,2.27,2556.54,,1.45
16-12-2025,1797.67,21.34,49.27,,2.29,2570.34,,1.41
17-12-2025,1827.66,21.82,52.03,,2.31,2542.84,,1.42
18-12-2025,1855.92,21.19,53.03,,2.29,2485.56,,1.41
19-12-2025,1861.14,21.44,52.41,4.79,2.31,2416.13,,1.42
22-12-2025,1834.5,21.5,51.57,,2.29,2370.82,,1.41
23-12-2025,1864.44,21.87,51.35,,2.33,2340.57,,1.39
24-12-2025,1836.04,21.24,52.4,,2.28,2323.52,,1.4
25-12-2025,1826.95,21.25,53.68,,2.29,2324.22,,1.4
26-12-2025,1843.73,21.68,54.52,4.51,2.3,2339.27,,1.43
29-12-2025,1854.13,22.22,52.01,,2.3,2356.32,,1.43
30-12-2025,1890.48,21.92,51.29,,2.3,2321.07,,1.49
31-12-2025,1890.95,21.82,53.2,,2.3,2379.47,,1.46
01-01-2026,1853.55,22.56,52.51,,2.21,2376.41,12.17,1.5
02-01-2026,1847.99,22.0,52.41,4.76,2.17,2358.49,,1.5
05-01-2026,1852.41,21.99,56.12,,2.2,2356.03,,1.49
06-01-2026,1845.18,22.06,56.03,,2.22,2364.75,,1.46
07-01-2026,1877.29,22.14,58.07,,2.27,2376.12,,1.45
08-01-2026,1872.28,21.78,60.82,,2.27,2359.69,,1.44
09-01-2026,1840.85,22.17,61.99,4.63,2.33,2407.8,,1.46
12-01-2026,1851.74,22.53,61.33,,2.33,2360.01,,1.47
13-01-2026,1826.96,23.29,57.95,,2.36,2375.19,,1.49
14-01-2026,1865.17,22.96,56.73,,2.35,2399.56,,1.44
15-01-2026,1871.79,22.77,57.66,,2.33,2398.5,,1.39
16-01-2026,1841.09,23.23,58.53,4.61,2.36,2369.58,,1.4
19-01-2026,1865.65,24.01,60.28,,2.31,2372.55,,1.43
20-01-2026,1920.03,24.01,58.65,,2.36,2401.86,,1.44
21-01-2026,1874.97,23.37,58.96,,2.43,2404.82,,1.48
22-01-2026,1895.97,23.29,56.02,,2.43,2389.03,,1.45
23-01-2026,1907.58,23.7,54.81,4.49,2.48,2326.93,,1.46
26-01-2026,1912.18,24.0,55.55,,2.46,2336.57,,1.49
27-01-2026,1920.65,24.49,52.61,,2.45,2278.58,,1.49
28-01-2026,1932.6,25.36,53.71,,2.46,2311.85,,1.5
29-01-2026,1917.17,25.18,56.24,,2.44,2289.09,,1.5
30-01-2026,1950.5,24.78,54.26,4.54,2.47,2324.2,,1.49
02-02-2026,1919.74,24.25,53.92,,2.5,2354.78,11.49,1.48
03-02-2026,1965.98,24.21,56.3,,2.53,2354.4,,1.45
04-02-2026,2002.96,24.66,57.02,,2.51,2348.67,,1.45
05-02-2026,1975.24,25.45,57.6,,2.45,2409.51,,1.5
06-02-2026,1975.71,25.56,57.77,4.88,2.47,2401.75,,1.46
09-02-2026,2010.26,25.57,55.83,,2.46,2392.94,,1.46
10-02-2026,1999.05,25.52,55.65,,2.4,2378.98,,1.48
11-02-2026,1995.76,26.09,57.48,,2.36,2356.42,,1.49
12-02-2026,1986.74,25.75,57.62,,2.35,2357.2,,1.45
13-02-2026,2015.37,25.71,58.68,5.07,2.4,2353.02,,1.44
16-02-2026,2001.33,25.68,58.17,,2.41,2272.69,,1.46
17-02-2026,2001.69,25.67,56.92,,2.38,2242.38,,1.47
18-02-2026,2015.32,26.53,56.32,,2.35,2280.35,,1.46
19-02-2026,2010.91,26.12,54.87,,2.31,2306.45,,1.46
20-02-2026,1990.7,27.3,53.04,4.87,2.28,2378.03,,1.5
23-02-2026,1959.5,26.99,53.03,,2.28,2327.44,,1.47
24-02-2026,1924.7,26.6,52.74,,2.32,2268.58,,1.5
25-02-2026,1898.21,26.3,51.52,,2.42,2301.11,,1.49
26-02-2026,1859.98,26.61,52.44,,2.48,2270.33,,1.49
27-02-2026,1844.38,26.62,51.24,4.36,2.47,2296.93,,1.48
02-03-2026,1851.59,27.17,51.8,,2.5,2278.16,10.21,1.5
03-03-2026,1853.35,26.77,52.46,,2.51,2313.89,,1.5
04-03-2026,1835.61,25.99,54.7,,2.57,2304.84,,1.5
05-03-2026,1813.86,25.82,55.18,,2.59,2300.97,,1.45
06-03-2026,1792.91,25.96,56.29,4.15,2.57,2346.77,,1.44
